,Company,Owner,Relationship,Date,Cost,# Shares,Value($),Total Shares,Filing,Type
1,"ROCKETFUEL BLOCKCHAIN, INC.",Jensen Peter Michael,CEO,"Aug 25, 2021",$1.05,5000,5244,869443,"Aug 25, 2021, 09:48 PM",buy
2,Williams Industrial Services Group Inc.,OBUS NELSON,Director,"Aug 23, 2021",$4.03,46700,188033,6398606,"Aug 25, 2021, 09:34 PM",buy
3,"Population Health Investment Co., Inc.",MEANWELL CLIVE,Chief Executive Officer,"Aug 24, 2021",$9.80,16400,160669,16400,"Aug 25, 2021, 09:21 PM",buy
4,"RAPT Therapeutics, Inc.",Robbins Wendye,Director,"Aug 24, 2021",$30.99,525,16270,2000,"Aug 25, 2021, 09:08 PM",buy
5,"RAPT Therapeutics, Inc.",Robbins Wendye,Director,"Aug 23, 2021",$31.39,1475,46295,1475,"Aug 25, 2021, 09:08 PM",buy
6,"Biomea Fusion, Inc.",Erdtmann Rainer M,President & COO,"Aug 23, 2021",$13.20,24000,316872,228470,"Aug 25, 2021, 08:56 PM",buy
7,"Biomea Fusion, Inc.",Butler Thomas Andrew,CEO,"Aug 23, 2021",$13.20,24000,316872,228470,"Aug 25, 2021, 08:55 PM",buy
8,"ROCKETFUEL BLOCKCHAIN, INC.",Yankowitz Bennett J.,CFO,"Aug 25, 2021",$0.95,1000,950,1355500,"Aug 25, 2021, 08:43 PM",buy
9,Bright Health Group Inc.,Newhall Adair,Director,"Aug 23, 2021",$10.25,16252,166583,16252,"Aug 25, 2021, 08:34 PM",buy
10,Bright Health Group Inc.,Newhall Adair,Director,"Aug 25, 2021",$10.32,16276,167968,48694,"Aug 25, 2021, 08:34 PM",buy
11,Bright Health Group Inc.,Newhall Adair,Director,"Aug 24, 2021",$10.44,16166,168773,32418,"Aug 25, 2021, 08:34 PM",buy
12,"MINIM, INC.",Doherty Sean Patrick,Chief Financial Officer,"Aug 25, 2021",$2.24,2250,5040,22250,"Aug 25, 2021, 08:31 PM",buy
13,NEW PEOPLES BANKSHARES INC,James Kiser W,EVP/Chief Banking Officer,"Aug 25, 2021",$2.00,572,1144,10360,"Aug 25, 2021, 08:19 PM",buy
14,Heritage Global Inc.,Hexner Michael,Director,"Aug 25, 2021",$1.90,34504,65515,60530,"Aug 25, 2021, 08:15 PM",buy
15,"Rocky Mountain Chocolate Factory, Inc.",Radoff Bradley Louis,See Explanation of Responses,"Aug 24, 2021",$7.29,3594,26200,320001,"Aug 25, 2021, 08:09 PM",buy
16,"Rocky Mountain Chocolate Factory, Inc.",Radoff Bradley Louis,See Explanation of Responses,"Aug 23, 2021",$7.17,11407,81788,316407,"Aug 25, 2021, 08:09 PM",buy
17,"Sientra, Inc.",Schmidt Andrew C,Chief Financial Officer,"Aug 23, 2021",$5.90,1449,8549,51613,"Aug 25, 2021, 08:05 PM",buy
18,"SoFi Technologies, Inc.",Webster Aaron,Chief Risk Officer,"Aug 23, 2021",$14.34,1000,14340,273763,"Aug 25, 2021, 08:01 PM",buy
19,"Cerevel Therapeutics Holdings, Inc.",PERCEPTIVE ADVISORS LLC,Director,"Aug 23, 2021",$25.78,44437,1145586,4887532,"Aug 25, 2021, 07:14 PM",buy
20,"Cerevel Therapeutics Holdings, Inc.",PERCEPTIVE ADVISORS LLC,Director,"Aug 25, 2021",$28.57,61387,1753827,5018680,"Aug 25, 2021, 07:14 PM",buy
21,"Cerevel Therapeutics Holdings, Inc.",PERCEPTIVE ADVISORS LLC,Director,"Aug 24, 2021",$27.73,69761,1934472,4957293,"Aug 25, 2021, 07:14 PM",buy
22,"FireEye, Inc.",COVIELLO ARTHUR W JR,Director,"Aug 23, 2021",$17.38,2878,50016,12878,"Aug 25, 2021, 07:03 PM",buy
23,Clough Global Opportunities Fund,McNally Kevin Joseph,Trustee,"Aug 23, 2021",$12.64,3134,39621,1000,"Aug 25, 2021, 06:24 PM",buy
24,Clough Global Equity Fund,McNally Kevin Joseph,Trustee,"Aug 23, 2021",$14.99,2167,32484,1000,"Aug 25, 2021, 06:19 PM",buy
25,Clough Global Dividend & Income Fund,McNally Kevin Joseph,Trustee,"Aug 23, 2021",$11.79,5707,67277,5807,"Aug 25, 2021, 06:14 PM",buy
26,NexPoint Strategic Opportunities Fund,Constantino Edward N.,Director,"Aug 25, 2021",$14.95,9670,144566,16870,"Aug 25, 2021, 06:13 PM",buy
27,"Lumen Technologies, Inc.",CLONTZ STEVEN T,Director,"Aug 23, 2021",$11.98,5000,59880,300015,"Aug 25, 2021, 06:03 PM",buy
28,OGE ENERGY CORP.,RAINBOLT DAVID E,Director,"Aug 23, 2021",$35.80,5000,178997,7000,"Aug 25, 2021, 05:57 PM",buy
29,"Array Technologies, Inc.",Schmid Gerrard,Director,"Aug 25, 2021",$19.01,10200,193882,10200,"Aug 25, 2021, 05:57 PM",buy
30,Hippo Holdings Inc.,Wand Assaf,See Remarks,"Aug 23, 2021",$3.99,11800,47141,17111143,"Aug 25, 2021, 05:40 PM",buy
31,"City Office REIT, Inc.",Flatt William R,Director,"Aug 25, 2021",$15.90,1560,24796,25720,"Aug 25, 2021, 05:37 PM",buy
32,ONCOSEC MEDICAL Inc,DALESANDRO MARGARET,Director,"Aug 23, 2021",$1.89,20000,37800,20000,"Aug 25, 2021, 05:31 PM",buy
33,"ARCH RESOURCES, INC.",BARTELS PATRICK J JR,Director,"Aug 25, 2021",$73.53,750,55147,3750,"Aug 25, 2021, 05:27 PM",buy
34,JMP GROUP LLC,WEDBUSH SECURITIES INC,10% Owner,"Aug 23, 2021",$7.22,1000,7222,2244000,"Aug 25, 2021, 05:26 PM",buy
35,JMP GROUP LLC,WEDBUSH SECURITIES INC,10% Owner,"Aug 23, 2021",$7.22,1000,7222,2244000,"Aug 25, 2021, 05:26 PM",buy
36,HARTE HANKS INC,Linscott Brian,Chief Executive Officer,"Aug 24, 2021",$6.70,1000,6700,286579,"Aug 25, 2021, 05:19 PM",buy
37,Heritage Global Inc.,DOVE ROSS,CEO,"Aug 25, 2021",$2.13,24913,53065,2049227,"Aug 25, 2021, 05:05 PM",buy
38,"Vyant Bio, Inc.",ROBERTS JOHN A,Chief Executive Officer,"Aug 23, 2021",$2.41,10406,25078,34807,"Aug 25, 2021, 05:03 PM",buy
39,JACK IN THE BOX INC /NEW/,LINDERMAN TIMOTHY T,SVP Chf Fran&Corp Dev Officer,"Aug 25, 2021",$102.00,97,9894,1455,"Aug 25, 2021, 04:58 PM",buy
40,"American Assets Trust, Inc.",RADY ERNEST S,Chairman & CEO,"Aug 24, 2021",$38.02,4609,175234,1869549,"Aug 25, 2021, 04:51 PM",buy
41,Citizens Community Bancorp Inc.,Bianchi Stephen M,CEO and President,"Aug 25, 2021",$13.95,400,5582,47941,"Aug 25, 2021, 04:41 PM",buy
42,CHIMERA INVESTMENT CORP,Kortman Kelley,Principal Accounting Officer,"Aug 25, 2021",$26.26,300,7878,5800,"Aug 25, 2021, 04:33 PM",buy
43,BIO KEY INTERNATIONAL INC,DEPASQUALE MICHAEL W,Chief Executive Officer,"Aug 25, 2021",$3.19,1200,3828,22458,"Aug 25, 2021, 04:31 PM",buy
44,BIO KEY INTERNATIONAL INC,DEPASQUALE MICHAEL W,Chief Executive Officer,"Aug 23, 2021",$2.95,800,2360,21258,"Aug 25, 2021, 04:31 PM",buy
45,"Global Self Storage, Inc.",WINMILL MARK CAMPBELL,President and CEO,"Aug 24, 2021",$5.12,1000,5120,162112,"Aug 25, 2021, 04:31 PM",buy
46,"Krispy Kreme, Inc.",JAB Holdings B.V.,10% Owner,"Aug 23, 2021",$16.32,356680,5819878,6768529,"Aug 25, 2021, 04:24 PM",buy
47,"Krispy Kreme, Inc.",JAB Holdings B.V.,10% Owner,"Aug 24, 2021",$17.01,356680,6066414,7125209,"Aug 25, 2021, 04:24 PM",buy
48,FMC CORP,DOUGLAS MARK,President and CEO,"Aug 24, 2021",$90.57,1100,99624,49656,"Aug 25, 2021, 04:21 PM",buy
49,"Evolus, Inc.",Medytox Inc.,10% Owner,"Aug 24, 2021",$11.17,72219,807033,7302652,"Aug 25, 2021, 04:21 PM",buy
50,"Evolus, Inc.",Medytox Inc.,10% Owner,"Aug 23, 2021",$11.03,69781,769775,7230433,"Aug 25, 2021, 04:21 PM",buy
51,"Cyclacel Pharmaceuticals, Inc.",BARKER SAM L,Director,"Aug 24, 2021",$5.00,1000,5000,3386,"Aug 25, 2021, 04:16 PM",buy
52,KOPIN CORP,FAN JOHN C C,CEO & President,"Aug 24, 2021",$5.45,50000,272500,5546309,"Aug 25, 2021, 04:15 PM",buy
53,Adtalem Global Education Inc.,MALAFRONTE MICHAEL W,Director,"Aug 24, 2021",$35.99,9000,323910,22200,"Aug 25, 2021, 04:10 PM",buy
54,William Penn Bancorporation,Logan Jonathan Thomas,EVP & CFO,"Aug 25, 2021",$12.27,150,1841,6150,"Aug 25, 2021, 04:10 PM",buy
55,Trinity Capital Inc.,Lund David Michael,"CFO, EVP - Finance & Treasurer","Aug 23, 2021",$14.99,3500,52465,3500,"Aug 25, 2021, 04:05 PM",buy
56,"DUOS TECHNOLOGIES GROUP, INC.",Ferry Charles Parker,Chief Executive Officer,"Aug 17, 2021",$5.75,1500,8628,3000,"Aug 25, 2021, 04:05 PM",buy
57,"ViewRay, Inc.",Stassen Zachary William,Chief Financial Officer,"Aug 24, 2021",$5.32,40000,212800,447433,"Aug 25, 2021, 04:05 PM",buy
58,ScION Tech Growth I,Pignataro Andrea,Executive Chairman,"Aug 23, 2021",$9.92,3200,31744,69120,"Aug 25, 2021, 04:05 PM",buy
59,"FlexShopper, Inc.",Dvorkin Howard,Director,"Aug 23, 2021",$2.40,10004,24010,2940682,"Aug 25, 2021, 04:05 PM",buy
60,"STRYVE FOODS, INC.",Hawkins Alex,CFO & COO,"Aug 19, 2021",$5.99,1000,5990,1000,"Aug 25, 2021, 03:59 PM",buy
61,UNICO AMERICAN CORP,Cheldin Cary,former director/related party,"Aug 24, 2021",$2.98,200,595,320,"Aug 25, 2021, 03:33 PM",buy
62,AIR INDUSTRIES GROUP,Brand Michael,Director,"Aug 24, 2021",$1.20,10000,12000,56504,"Aug 25, 2021, 03:28 PM",buy
63,"Riley Exploration Permian, Inc.",Texel Resources Inc.,10% Owner,"Aug 17, 2021",$16.98,9660,164064,1836212,"Aug 25, 2021, 03:14 PM",buy
64,"Riley Exploration Permian, Inc.",Texel Resources Inc.,10% Owner,"Aug 16, 2021",$16.96,12818,217338,1826552,"Aug 25, 2021, 03:14 PM",buy
65,Spark Networks SE,Eichmann Eric,Chief Executive Officer,"Aug 25, 2021",$3.50,13500,47250,72236,"Aug 25, 2021, 03:08 PM",buy
66,NORTHRIM BANCORP INC,SWALLING JOHN C,Director,"Aug 24, 2021",$40.92,600,24552,7236,"Aug 25, 2021, 01:59 PM",buy
67,FRANKLIN FINANCIAL SERVICES CORP /PA/,Hollar Mark R,CFO,"Aug 25, 2021",$32.35,3,97,5999,"Aug 25, 2021, 01:56 PM",buy
68,COMPUTER TASK GROUP INC,Helvey III James R,Director,"Aug 25, 2021",$8.52,5000,42612,149985,"Aug 25, 2021, 01:23 PM",buy
69,"Renewable Energy Group, Inc.",WARNER CYNTHIA J,President and CEO,"Aug 24, 2021",$49.94,1500,74910,107757,"Aug 25, 2021, 01:07 PM",buy
70,"Rafael Holdings, Inc.",JONAS HOWARD S,Chief Executive Officer,"Aug 24, 2021",$44.92,112561,5056240,112561,"Aug 25, 2021, 12:24 PM",buy
71,Heritage Global Inc.,COBB BRIAN J.,VP of Finance and Controller,"Aug 25, 2021",$1.85,10500,19425,49625,"Aug 25, 2021, 11:59 AM",buy
72,"LifeMD, Inc.",Deutsch Corey,Chief Business Officer,"Aug 25, 2021",$7.69,6400,49241,123569,"Aug 25, 2021, 11:56 AM",buy
73,"RENN Fund, Inc.",STAHL MURRAY,President and CEO,"Aug 24, 2021",$2.45,300,735,172375,"Aug 25, 2021, 10:54 AM",buy
74,"RENN Fund, Inc.",STAHL MURRAY,President and CEO,"Aug 24, 2021",$2.45,300,735,172075,"Aug 25, 2021, 10:54 AM",buy
75,"RENN Fund, Inc.",STAHL MURRAY,President and CEO,"Aug 24, 2021",$2.45,75,184,171775,"Aug 25, 2021, 10:54 AM",buy
76,"SurgePays, Inc.",Mott John,CHIEF TECHNOLOGY OFFICER,"Aug 24, 2021",$0.09,10000,950,199373,"Aug 25, 2021, 10:51 AM",buy
77,Texas Pacific Land Corp,STAHL MURRAY,Director,"Aug 24, 2021",$1392.43,3,4177,1124,"Aug 25, 2021, 10:36 AM",buy
78,Texas Pacific Land Corp,STAHL MURRAY,Director,"Aug 24, 2021",$1392.43,1,1392,1390,"Aug 25, 2021, 10:36 AM",buy
79,Texas Pacific Land Corp,STAHL MURRAY,Director,"Aug 24, 2021",$1392.43,12,16709,228875,"Aug 25, 2021, 10:36 AM",buy
80,Texas Pacific Land Corp,STAHL MURRAY,Director,"Aug 24, 2021",$1392.43,2,2785,102537,"Aug 25, 2021, 10:36 AM",buy
81,Texas Pacific Land Corp,STAHL MURRAY,Director,"Aug 24, 2021",$1392.43,3,4177,1304,"Aug 25, 2021, 10:36 AM",buy
82,Texas Pacific Land Corp,STAHL MURRAY,Director,"Aug 24, 2021",$1392.43,1,1392,42912,"Aug 25, 2021, 10:36 AM",buy
83,"cbdMD, Inc.",Kennedy Thomas Ronan,CFO & COO,"Aug 24, 2021",$2.04,7400,15096,7400,"Aug 25, 2021, 10:15 AM",buy
84,Scopus BioPharma Inc.,Greenspan Ira Scott,Executive Committee Chairman,"Aug 24, 2021",$4.65,50,233,82340,"Aug 25, 2021, 08:15 AM",buy
85,Scopus BioPharma Inc.,Greenspan Ira Scott,Executive Committee Chairman,"Aug 23, 2021",$4.41,500,2205,82290,"Aug 25, 2021, 08:15 AM",buy
86,Hall of Fame Resort & Entertainment Co,Crawford Michael Anthony,President and CEO,"Aug 24, 2021",$2.89,20000,57800,2110371,"Aug 25, 2021, 07:27 AM",buy
87,"Reservoir Media, Inc.",Rothstein Adam,Director,"Aug 24, 2021",$7.72,6800,52496,161189,"Aug 24, 2021, 09:09 PM",buy
88,"Reservoir Media, Inc.",Rothstein Adam,Director,"Aug 23, 2021",$7.87,10200,80274,154389,"Aug 24, 2021, 09:09 PM",buy
89,"Funko, Inc.","Woodson Capital Management, LP",10% Owner,"Aug 20, 2021",$17.93,181506,3254965,4043012,"Aug 24, 2021, 08:53 PM",buy
90,Alkermes plc.,Alva Emily Peterson,Director,"Aug 23, 2021",$30.22,1650,49855,1650,"Aug 24, 2021, 08:48 PM",buy
91,"Oscar Health, Inc.",Kushner Joshua,Co-Founder and Vice Chairman,"Aug 23, 2021",$13.01,125900,1638009,194442,"Aug 24, 2021, 08:44 PM",buy
92,"Oscar Health, Inc.",Kushner Joshua,Co-Founder and Vice Chairman,"Aug 20, 2021",$13.41,68542,919196,68542,"Aug 24, 2021, 08:44 PM",buy
93,"Oscar Health, Inc.",Kushner Joshua,Co-Founder and Vice Chairman,"Aug 24, 2021",$12.69,1074342,13633400,1268784,"Aug 24, 2021, 08:44 PM",buy
94,Boxlight Corp,Nance Henry,CHIEF EXECUTIVE OFFICER,"Aug 19, 2021",$2.08,2000,4160,124741,"Aug 24, 2021, 08:43 PM",buy
95,"Oscar Health, Inc.","Thrive Partners VII Growth GP, LLC",10% Owner,"Aug 23, 2021",$13.01,125900,1638009,194442,"Aug 24, 2021, 08:43 PM",buy
96,"Oscar Health, Inc.","Thrive Partners VII Growth GP, LLC",10% Owner,"Aug 20, 2021",$13.41,68042,912593,68542,"Aug 24, 2021, 08:43 PM",buy
97,"Oscar Health, Inc.","Thrive Partners VII Growth GP, LLC",10% Owner,"Aug 24, 2021",$12.69,1074342,13633400,1268784,"Aug 24, 2021, 08:43 PM",buy
98,Boxlight Corp,Starkey Mark,PRESIDENT,"Aug 24, 2021",$2.31,20000,46200,157500,"Aug 24, 2021, 08:42 PM",buy
99,ON24 INC.,Sharan Sharat,President and Chief Executive,"Aug 24, 2021",$22.12,23500,519829,1933172,"Aug 24, 2021, 08:32 PM",buy
100,ONCOSEC MEDICAL Inc,Zhao Yuhang,Director,"Aug 23, 2021",$1.88,4000,7520,12000,"Aug 24, 2021, 08:03 PM",buy
101,ONCOSEC MEDICAL Inc,Zhao Yuhang,Director,"Aug 20, 2021",$1.94,8000,15520,8000,"Aug 24, 2021, 08:03 PM",buy
1,ONCOSEC MEDICAL Inc,Zhao Yuhang,Director,"Aug 23, 2021",$1.88,4000,7520,12000,"Aug 24, 2021, 08:03 PM",buy
2,ONCOSEC MEDICAL Inc,Zhao Yuhang,Director,"Aug 20, 2021",$1.94,8000,15520,8000,"Aug 24, 2021, 08:03 PM",buy
3,"Kronos Bio, Inc.",De Backer Marianne,Director,"Aug 20, 2021",$19.56,1000,19565,1600,"Aug 24, 2021, 07:24 PM",buy
4,DXC Technology Co,FERNANDEZ RAUL J,Director,"Aug 23, 2021",$35.83,1390,49807,54468,"Aug 24, 2021, 07:03 PM",buy
5,DXC Technology Co,FERNANDEZ RAUL J,Director,"Aug 20, 2021",$35.63,280,9977,53078,"Aug 24, 2021, 07:03 PM",buy
6,"Hudson Global, Inc.",Eberwein Jeffrey E.,Chief Executive Officer,"Aug 23, 2021",$17.46,500,8730,168120,"Aug 24, 2021, 07:00 PM",buy
7,"Hudson Global, Inc.",Eberwein Jeffrey E.,Chief Executive Officer,"Aug 20, 2021",$17.40,500,8700,167620,"Aug 24, 2021, 07:00 PM",buy
8,"LUMOS PHARMA, INC.",LALANDE KEVIN M.,Director,"Aug 24, 2021",$9.45,10775,101871,651751,"Aug 24, 2021, 06:19 PM",buy
9,"LUMOS PHARMA, INC.",LALANDE KEVIN M.,Director,"Aug 23, 2021",$9.58,37800,362150,640976,"Aug 24, 2021, 06:19 PM",buy
10,"LUMOS PHARMA, INC.",LALANDE KEVIN M.,Director,"Aug 20, 2021",$8.73,35679,311638,603176,"Aug 24, 2021, 06:19 PM",buy
11,"CorEnergy Infrastructure Trust, Inc.",SCHULTE DAVID J,President & CEO & Chairman,"Aug 23, 2021",$4.16,1000,4165,29000,"Aug 24, 2021, 06:16 PM",buy
12,"CorEnergy Infrastructure Trust, Inc.",SCHULTE DAVID J,President & CEO & Chairman,"Aug 20, 2021",$4.31,1000,4305,28000,"Aug 24, 2021, 06:16 PM",buy
13,"LiveXLive Media, Inc.",ELLIN ROBERT S,CEO & Chairman,"Aug 24, 2021",$3.13,5000,15652,1624666,"Aug 24, 2021, 06:08 PM",buy
14,"Priority Technology Holdings, Inc.",Faupel David,Chief Marketing Officer,"Aug 24, 2021",$5.52,2300,12696,2300,"Aug 24, 2021, 05:45 PM",buy
15,AIR T INC,Swenson Nicholas John,CEO,"Aug 23, 2021",$33.37,100,3337,959592,"Aug 24, 2021, 05:42 PM",buy
16,AIR T INC,Swenson Nicholas John,CEO,"Aug 20, 2021",$33.72,100,3372,959492,"Aug 24, 2021, 05:42 PM",buy
17,AIR T INC,Swenson Nicholas John,CEO,"Aug 24, 2021",$34.71,200,6941,959792,"Aug 24, 2021, 05:42 PM",buy
18,"CYNERGISTEK, INC",Sellers Dana Davis,Director,"Aug 23, 2021",$1.90,5000,9477,45000,"Aug 24, 2021, 05:40 PM",buy
19,"Affinity Bancshares, Inc.",LEHMAN KENNETH R,10% Owner,"Aug 18, 2021",$13.49,448,6044,686630,"Aug 24, 2021, 05:37 PM",buy
20,"Affinity Bancshares, Inc.",LEHMAN KENNETH R,10% Owner,"Aug 24, 2021",$13.56,406,5505,696123,"Aug 24, 2021, 05:37 PM",buy
21,"Affinity Bancshares, Inc.",LEHMAN KENNETH R,10% Owner,"Aug 16, 2021",$13.24,20,265,686182,"Aug 24, 2021, 05:37 PM",buy
22,"Affinity Bancshares, Inc.",LEHMAN KENNETH R,10% Owner,"Aug 23, 2021",$13.64,3007,41015,695717,"Aug 24, 2021, 05:37 PM",buy
23,"Affinity Bancshares, Inc.",LEHMAN KENNETH R,10% Owner,"Aug 06, 2021",$13.14,252,3311,686162,"Aug 24, 2021, 05:37 PM",buy
24,"Affinity Bancshares, Inc.",LEHMAN KENNETH R,10% Owner,"Aug 20, 2021",$13.38,6080,81350,692710,"Aug 24, 2021, 05:37 PM",buy
25,HENRY JACK & ASSOCIATES INC,Wilson Thomas Hampton Jr.,Director,"Aug 24, 2021",$175.12,169,29595,12250,"Aug 24, 2021, 05:21 PM",buy
26,"Global Self Storage, Inc.",WINMILL MARK CAMPBELL,President and CEO,"Aug 20, 2021",$5.10,4000,20400,161112,"Aug 24, 2021, 05:18 PM",buy
27,CAPITAL SENIOR LIVING CORP,Levinson Sam,10% Owner,"Aug 23, 2021",$34.05,8699,296233,354087,"Aug 24, 2021, 05:16 PM",buy
28,CAPITAL SENIOR LIVING CORP,Levinson Sam,10% Owner,"Aug 20, 2021",$31.47,775,24389,345208,"Aug 24, 2021, 05:16 PM",buy
29,AMES NATIONAL CORP,LARSON JAMES R II,Director,"Aug 24, 2021",$23.25,500,11625,30000,"Aug 24, 2021, 05:14 PM",buy
30,Cincinnati Bancorp,Anness Harold L.,Director,"Aug 23, 2021",$14.18,400,5671,6453,"Aug 24, 2021, 05:11 PM",buy
31,AMES NATIONAL CORP,Hagan Patrick G,Director,"Aug 23, 2021",$23.50,100,2350,4036,"Aug 24, 2021, 05:08 PM",buy
32,HCW Biologics Inc.,Flowers Lee,SVP of Business Development,"Aug 23, 2021",$3.95,5605,22157,91667,"Aug 24, 2021, 05:05 PM",buy
33,HCW Biologics Inc.,Flowers Lee,SVP of Business Development,"Aug 20, 2021",$4.08,7853,32069,86062,"Aug 24, 2021, 05:05 PM",buy
34,HCW Biologics Inc.,Flowers Lee,SVP of Business Development,"Aug 19, 2021",$4.29,10532,45218,78209,"Aug 24, 2021, 05:01 PM",buy
35,Myovant Sciences Ltd.,"Sumitomo Chemical Co., Ltd.",10% Owner,"Aug 20, 2021",$20.86,46478,969540,48823283,"Aug 24, 2021, 05:00 PM",buy
36,Myovant Sciences Ltd.,"Sumitomo Chemical Co., Ltd.",10% Owner,"Aug 23, 2021",$22.30,55447,1236736,48878730,"Aug 24, 2021, 05:00 PM",buy
37,RED ROBIN GOURMET BURGERS INC,MURPHY PAUL J B III,President and CEO,"Aug 24, 2021",$22.57,10000,225700,20000,"Aug 24, 2021, 04:56 PM",buy
38,CF BANKSHARES INC.,O'Dell Timothy T,CEO,"Aug 23, 2021",$18.65,163,3040,218451,"Aug 24, 2021, 04:49 PM",buy
39,RED ROBIN GOURMET BURGERS INC,Schweinfurth Lynn S,Chief Financial Officer,"Aug 23, 2021",$21.75,5000,108750,53627,"Aug 24, 2021, 04:49 PM",buy
40,"AppHarvest, Inc.",Burnham Ciara,Director,"Aug 20, 2021",$7.06,14150,99899,14150,"Aug 24, 2021, 04:49 PM",buy
41,RED ROBIN GOURMET BURGERS INC,Buchmeier Michael,Chief People Officer,"Aug 23, 2021",$22.06,1118,24663,19653,"Aug 24, 2021, 04:42 PM",buy
42,"Apple Hospitality REIT, Inc.",Hugh Redd,Director,"Aug 20, 2021",$14.53,1000,14535,105229,"Aug 24, 2021, 04:35 PM",buy
43,ENTRAVISION COMMUNICATIONS CORP,Vasquez Gilbert R,Director,"Aug 20, 2021",$6.60,20000,132000,750648,"Aug 24, 2021, 04:31 PM",buy
44,COMMUNITY TRUST BANCORP INC /KY/,PARRISH M LYNN,Director,"Aug 12, 2021",$41.50,4224,175279,118020,"Aug 24, 2021, 04:28 PM",buy
45,COMMUNITY TRUST BANCORP INC /KY/,PARRISH M LYNN,Director,"Aug 13, 2021",$41.50,3000,124500,121020,"Aug 24, 2021, 04:28 PM",buy
46,"Spero Therapeutics, Inc.","Aquilo Capital Management, LLC",10% Owner,"Aug 24, 2021",$16.28,40170,653795,4228404,"Aug 24, 2021, 04:28 PM",buy
47,"Spero Therapeutics, Inc.","Aquilo Capital Management, LLC",10% Owner,"Aug 23, 2021",$16.33,137835,2251342,4188234,"Aug 24, 2021, 04:28 PM",buy
48,"Spero Therapeutics, Inc.","Aquilo Capital Management, LLC",10% Owner,"Aug 20, 2021",$14.86,221190,3286905,4050399,"Aug 24, 2021, 04:28 PM",buy
49,BRIGHTCOVE INC,"Edenbrook Capital, LLC",10% Owner,"Aug 23, 2021",$11.35,200,2270,4414395,"Aug 24, 2021, 04:26 PM",buy
50,BRIGHTCOVE INC,"Edenbrook Capital, LLC",10% Owner,"Aug 20, 2021",$11.40,17470,199158,4414195,"Aug 24, 2021, 04:26 PM",buy
51,"CREE, INC.",LE DUY LOAN T,Director,"Aug 23, 2021",$84.61,1000,84610,18311,"Aug 24, 2021, 04:25 PM",buy
52,Cincinnati Bancorp,Bedinghaus Robert A.,Chairman/CEO,"Aug 23, 2021",$14.20,1000,14199,69022,"Aug 24, 2021, 04:22 PM",buy
53,"Evolv Technologies Holdings, Inc.",Charlton Kevin M.,Director,"Aug 24, 2021",$8.79,10000,87900,145000,"Aug 24, 2021, 04:15 PM",buy
54,BEACON ROOFING SUPPLY INC,Lonegro Frank A,EVP & CFO,"Aug 20, 2021",$48.68,2050,99794,13849,"Aug 24, 2021, 04:14 PM",buy
55,COMMUNITY TRUST BANCORP INC /KY/,PARRISH M LYNN,Director,"Aug 23, 2021",$41.50,2776,115204,123796,"Aug 24, 2021, 04:12 PM",buy
56,ScION Tech Growth I,Pignataro Andrea,Executive Chairman,"Aug 20, 2021",$9.92,22227,220563,65920,"Aug 24, 2021, 04:06 PM",buy
57,"Danimer Scientific, Inc.",Calhoun Philip Gregory,Director,"Aug 20, 2021",$14.16,7100,100536,243978,"Aug 24, 2021, 04:06 PM",buy
58,"Kontoor Brands, Inc.",Baxter Scott H,President and CEO,"Aug 20, 2021",$53.24,10000,532400,10000,"Aug 24, 2021, 04:06 PM",buy
59,Callon Petroleum Co,"Kimmeridge Energy Management Company, LLC",10% Owner,"Aug 23, 2021",$29.27,152503,4463976,6188157,"Aug 24, 2021, 04:06 PM",buy
60,Callon Petroleum Co,"Kimmeridge Energy Management Company, LLC",10% Owner,"Aug 20, 2021",$26.55,450000,11949745,6035654,"Aug 24, 2021, 04:06 PM",buy
61,Amplify Energy Corp.,Proman David,Director,"Aug 20, 2021",$3.36,15000,50379,45329,"Aug 24, 2021, 04:05 PM",buy
62,ScION Tech Growth II,Pignataro Andrea,Executive Chairman,"Aug 20, 2021",$9.89,253,2502,7522,"Aug 24, 2021, 04:05 PM",buy
63,"Cano Health, Inc.",Armstrong David J,See remarks,"Aug 18, 2021",$10.02,15000,150276,15000,"Aug 24, 2021, 04:05 PM",buy
64,KINGSWAY FINANCIAL SERVICES INC,STILWELL JOSEPH,Director,"Aug 20, 2021",$5.27,11425,60210,4500630,"Aug 24, 2021, 04:02 PM",buy
65,Compass Diversified Holdings,Ewing D Eugene,See Remark (a),"Aug 23, 2021",$27.84,1040,28954,88000,"Aug 24, 2021, 04:00 PM",buy
66,"REED'S, INC.",Bello John,Director,"Aug 16, 2021",$0.72,135000,97200,3670723,"Aug 24, 2021, 02:36 PM",buy
67,FARMERS NATIONAL BANC CORP /OH/,Muransky Edward,Director,"Jul 30, 2021",$15.40,7404,114022,47922,"Aug 24, 2021, 02:10 PM",buy
68,FARMERS NATIONAL BANC CORP /OH/,Muransky Edward,Director,"Aug 02, 2021",$15.40,2596,39978,50762,"Aug 24, 2021, 02:10 PM",buy
69,REPUBLIC BANCORP INC /KY/,Nichols George III,Director,"Aug 23, 2021",$50.37,200,10074,1384,"Aug 24, 2021, 01:44 PM",buy
70,WILLIS LEASE FINANCE CORP,WILLIS CHARLES F IV,CEO,"Aug 23, 2021",$37.43,13360,500065,871271,"Aug 24, 2021, 01:42 PM",buy
71,FIRST TRUST DYNAMIC EUROPE EQUITY INCOME FUND,BOWEN JAMES A,Director,"Aug 23, 2021",$13.60,35280,479674,157808,"Aug 24, 2021, 01:02 PM",buy
72,"Riley Exploration Permian, Inc.",Libin Alvin Gerald,10% Owner,"Aug 23, 2021",$17.43,3376,58851,1783078,"Aug 24, 2021, 12:59 PM",buy
73,"Riley Exploration Permian, Inc.",Libin Alvin Gerald,10% Owner,"Aug 20, 2021",$16.96,11000,186568,1779702,"Aug 24, 2021, 12:59 PM",buy
74,Bluegreen Vacations Holding Corp,NERENHAUSEN MARK,Director,"Aug 23, 2021",$20.57,150,3085,1200,"Aug 24, 2021, 12:52 PM",buy
75,"RENN Fund, Inc.",STAHL MURRAY,President and CEO,"Aug 23, 2021",$2.44,300,731,171400,"Aug 24, 2021, 11:14 AM",buy
76,"RENN Fund, Inc.",STAHL MURRAY,President and CEO,"Aug 23, 2021",$2.44,75,183,171100,"Aug 24, 2021, 11:14 AM",buy
77,"RENN Fund, Inc.",STAHL MURRAY,President and CEO,"Aug 23, 2021",$2.44,300,731,171700,"Aug 24, 2021, 11:14 AM",buy
78,Texas Pacific Land Corp,STAHL MURRAY,Director,"Aug 23, 2021",$1364.00,3,4092,1301,"Aug 24, 2021, 10:59 AM",buy
79,Texas Pacific Land Corp,STAHL MURRAY,Director,"Aug 23, 2021",$1364.00,1,1364,42911,"Aug 24, 2021, 10:59 AM",buy
80,Texas Pacific Land Corp,STAHL MURRAY,Director,"Aug 23, 2021",$1364.00,3,4092,1121,"Aug 24, 2021, 10:59 AM",buy
81,Texas Pacific Land Corp,STAHL MURRAY,Director,"Aug 23, 2021",$1364.00,1,1364,1389,"Aug 24, 2021, 10:59 AM",buy
82,Texas Pacific Land Corp,STAHL MURRAY,Director,"Aug 23, 2021",$1364.00,12,16368,228863,"Aug 24, 2021, 10:59 AM",buy
83,Texas Pacific Land Corp,STAHL MURRAY,Director,"Aug 23, 2021",$1364.00,2,2728,102535,"Aug 24, 2021, 10:59 AM",buy
84,EAGLE FINANCIAL SERVICES INC,MILLESON JOHN R,Director,"Aug 20, 2021",$34.50,150,5175,132351,"Aug 24, 2021, 10:43 AM",buy
85,OLD SECOND BANCORP INC,BONIFAS EDWARD,Director,"Aug 23, 2021",$11.88,3350,39798,170674,"Aug 24, 2021, 10:22 AM",buy
86,"PARKS AMERICA, INC",KOHNEN CHARLES,Director,"Aug 19, 2021",$0.65,11000,7150,21834759,"Aug 24, 2021, 10:07 AM",buy
87,ReShape Lifesciences Inc.,STANKOVICH THOMAS,Chief Financial Officer,"Aug 20, 2021",$3.22,15000,48285,17613,"Aug 24, 2021, 08:59 AM",buy
88,"OCULAR THERAPEUTIX, INC",Mattessich Antony C.,President and CEO,"Aug 20, 2021",$9.89,5000,49450,102900,"Aug 24, 2021, 08:49 AM",buy
89,"Creatd, Inc.",Frommer Jeremy,Chief Executive Officer,"Aug 23, 2021",$2.93,1200,3513,334717,"Aug 24, 2021, 08:32 AM",buy
90,"FNCB Bancorp, Inc.",DeNaples Louis A Jr,Director,"Aug 20, 2021",$7.94,5038,40002,278237,"Aug 24, 2021, 07:33 AM",buy
91,GAN Ltd,MCGILL SEAMUS M,Director,"Aug 19, 2021",$14.20,1000,14200,30982,"Aug 23, 2021, 09:45 PM",buy
92,"Cricut, Inc.","Abdiel Capital Management, LLC",10% Owner,"Aug 23, 2021",$26.64,159770,4256291,8254183,"Aug 23, 2021, 09:44 PM",buy
93,"Cricut, Inc.","Abdiel Capital Management, LLC",10% Owner,"Aug 19, 2021",$27.00,214289,5784932,8038563,"Aug 23, 2021, 09:44 PM",buy
94,"Cricut, Inc.","Abdiel Capital Management, LLC",10% Owner,"Aug 20, 2021",$26.35,1486,39156,8090564,"Aug 23, 2021, 09:44 PM",buy
95,"Cricut, Inc.","Abdiel Capital Management, LLC",10% Owner,"Aug 20, 2021",$26.35,46251,1218714,8089078,"Aug 23, 2021, 09:44 PM",buy
96,"Cricut, Inc.","Abdiel Capital Management, LLC",10% Owner,"Aug 23, 2021",$26.64,4898,130483,8255232,"Aug 23, 2021, 09:44 PM",buy
97,"Cricut, Inc.","Abdiel Capital Management, LLC",10% Owner,"Aug 19, 2021",$27.00,6620,178713,8042827,"Aug 23, 2021, 09:44 PM",buy
98,"Corvus Pharmaceuticals, Inc.",MILLER RICHARD A MD,President and CEO,"Aug 20, 2021",$1.93,10000,19254,1288515,"Aug 23, 2021, 09:01 PM",buy
99,"ROCKETFUEL BLOCKCHAIN, INC.",Yankowitz Bennett J.,CFO,"Aug 23, 2021",$1.00,2000,2000,1354500,"Aug 23, 2021, 08:49 PM",buy
100,"Spirit of Texas Bancshares, Inc.","Metcalf, III Leo T.",Director,"Aug 20, 2021",$22.02,899,19796,86198,"Aug 23, 2021, 08:44 PM",buy
101,HCW Biologics Inc.,Flowers Lee,SVP of Business Development,"Aug 19, 2021",$4.25,10532,44785,78209,"Aug 23, 2021, 07:53 PM",buy
1,HCW Biologics Inc.,Byam Rebecca,Chief Financial Officer,"Aug 19, 2021",$4.40,10000,43979,62000,"Aug 23, 2021, 07:50 PM",buy
2,MERCADOLIBRE INC,Dubugras Henrique Vasoncelos,Director,"Aug 18, 2021",$1783.32,845,1506907,845,"Aug 23, 2021, 07:41 PM",buy
3,Keurig Dr Pepper Inc.,Whitmore Justin,Chief Strategy Officer,"Aug 20, 2021",$34.90,11,384,91621,"Aug 23, 2021, 07:17 PM",buy
4,Keurig Dr Pepper Inc.,Whitmore Justin,Chief Strategy Officer,"Aug 19, 2021",$34.34,1025,35199,91610,"Aug 23, 2021, 07:17 PM",buy
5,FAST Acquisition Corp.,"Chatham Asset Management, LLC",10% Owner,"Aug 20, 2021",$11.49,7500,86175,3966804,"Aug 23, 2021, 07:17 PM",buy
6,FAST Acquisition Corp.,"Chatham Asset Management, LLC",10% Owner,"Aug 19, 2021",$11.46,6250,71639,3959304,"Aug 23, 2021, 07:17 PM",buy
7,FAST Acquisition Corp.,"Chatham Asset Management, LLC",10% Owner,"Aug 23, 2021",$11.60,17100,198329,3983904,"Aug 23, 2021, 07:17 PM",buy
8,Capstone Green Energy Corp,Powelson Robert F,Director,"Aug 23, 2021",$4.27,187,798,21188,"Aug 23, 2021, 07:08 PM",buy
9,Valaris Ltd,OAK HILL ADVISORS LP,10% Owner,"Aug 19, 2021",$23.96,100000,2396000,9079806,"Aug 23, 2021, 07:06 PM",buy
10,Valaris Ltd,OAK HILL ADVISORS LP,10% Owner,"Aug 23, 2021",$25.38,75528,1916901,9212324,"Aug 23, 2021, 07:06 PM",buy
11,Valaris Ltd,OAK HILL ADVISORS LP,10% Owner,"Aug 20, 2021",$23.94,56990,1364341,9136796,"Aug 23, 2021, 07:06 PM",buy
12,"RAPT Therapeutics, Inc.",Robbins Wendye,Director,"Aug 20, 2021",$29.53,600,17716,8400,"Aug 23, 2021, 07:04 PM",buy
13,"Cano Health, Inc.",Hernandez Marlow,CEO and President,"Aug 20, 2021",$10.20,10000,102000,256900,"Aug 23, 2021, 07:00 PM",buy
14,"Cano Health, Inc.",Hernandez Marlow,CEO and President,"Aug 19, 2021",$10.38,25000,259500,246900,"Aug 23, 2021, 07:00 PM",buy
15,"Cano Health, Inc.",Hernandez Marlow,CEO and President,"Aug 18, 2021",$9.82,11900,116858,221900,"Aug 23, 2021, 07:00 PM",buy
16,Hippo Holdings Inc.,Wand Assaf,See Remarks,"Aug 19, 2021",$4.31,11395,49154,17099343,"Aug 23, 2021, 06:46 PM",buy
17,Hippo Holdings Inc.,Knauf Noah,Director,"Aug 19, 2021",$4.37,167213,730721,167213,"Aug 23, 2021, 06:43 PM",buy
18,Hippo Holdings Inc.,WIJNBERG SANDRA S,Director,"Aug 19, 2021",$4.28,117000,500374,117000,"Aug 23, 2021, 06:42 PM",buy
19,"Baudax Bio, Inc.",Casten Richard S,Chief Financial Officer,"Aug 20, 2021",$0.51,50000,25500,200000,"Aug 23, 2021, 06:42 PM",buy
20,Hippo Holdings Inc.,Landman Sam,Director,"Aug 19, 2021",$4.25,5813,24699,5813,"Aug 23, 2021, 06:42 PM",buy
21,Hippo Holdings Inc.,Ellis Stewart,Chief Financial Officer,"Aug 19, 2021",$4.25,24400,103700,3132825,"Aug 23, 2021, 06:41 PM",buy
22,Hippo Holdings Inc.,McCathron Richard,President,"Aug 19, 2021",$4.25,24100,102425,2532601,"Aug 23, 2021, 06:39 PM",buy
23,Vistra Corp.,HELM SCOTT B,Director,"Aug 19, 2021",$17.98,5000,89890,249010,"Aug 23, 2021, 06:39 PM",buy
24,Hippo Holdings Inc.,Feder Eric,Director,"Aug 19, 2021",$4.29,125000,536062,125000,"Aug 23, 2021, 06:37 PM",buy
25,"Startek, Inc.",Aboody Albert,Director,"Aug 20, 2021",$5.20,614,3193,5847,"Aug 23, 2021, 06:35 PM",buy
26,"Startek, Inc.",Aboody Albert,Director,"Aug 19, 2021",$5.20,1233,6412,5233,"Aug 23, 2021, 06:35 PM",buy
27,PACIFIC HEALTH CARE ORGANIZATION INC,KUBOTA TOM,CEO & President,"Aug 20, 2021",$1.01,11000,11110,7908000,"Aug 23, 2021, 06:33 PM",buy
28,APARTMENT INVESTMENT & MANAGEMENT CO,CONSIDINE TERRY,Director,"Aug 23, 2021",$6.61,76015,502452,1350000,"Aug 23, 2021, 06:31 PM",buy
29,APARTMENT INVESTMENT & MANAGEMENT CO,CONSIDINE TERRY,Director,"Aug 20, 2021",$6.50,223985,1454984,1273985,"Aug 23, 2021, 06:31 PM",buy
30,APARTMENT INVESTMENT & MANAGEMENT CO,CONSIDINE TERRY,Director,"Aug 19, 2021",$6.55,150000,982920,1050000,"Aug 23, 2021, 06:31 PM",buy
31,APARTMENT INVESTMENT & MANAGEMENT CO,CONSIDINE TERRY,Director,"Mar 29, 2021",$5.86,100000,585690,900000,"Aug 23, 2021, 06:28 PM",buy
32,APARTMENT INVESTMENT & MANAGEMENT CO,CONSIDINE TERRY,Director,"Mar 26, 2021",$5.94,100000,594320,800000,"Aug 23, 2021, 06:28 PM",buy
33,APARTMENT INVESTMENT & MANAGEMENT CO,CONSIDINE TERRY,Director,"Mar 25, 2021",$5.79,100000,578880,700000,"Aug 23, 2021, 06:28 PM",buy
34,Fusion Pharmaceuticals Inc.,GANNON STEVEN,Director,"Aug 23, 2021",$7.99,2829,22590,12000,"Aug 23, 2021, 06:28 PM",buy
35,"Krispy Kreme, Inc.",Tattersfield Michael J.,President and CEO,"Aug 19, 2021",$14.30,10500,150149,2676110,"Aug 23, 2021, 06:16 PM",buy
36,"BGSF, INC.",Baum Richard L Jr,Director,"Aug 20, 2021",$12.90,5000,64500,88170,"Aug 23, 2021, 06:14 PM",buy
37,"Krispy Kreme, Inc.",Goudet Olivier,Director,"Aug 19, 2021",$13.21,60000,792660,684853,"Aug 23, 2021, 06:08 PM",buy
38,CrossAmerica Partners LP,Topper Joseph V. Jr.,Director,"Aug 19, 2021",$17.49,50000,874603,118972,"Aug 23, 2021, 06:07 PM",buy
39,CrossAmerica Partners LP,Topper Joseph V. Jr.,Director,"Aug 23, 2021",$18.23,800,14581,121888,"Aug 23, 2021, 06:07 PM",buy
40,CrossAmerica Partners LP,Topper Joseph V. Jr.,Director,"Aug 20, 2021",$17.87,2116,37813,121088,"Aug 23, 2021, 06:07 PM",buy
41,JMP GROUP LLC,WEDBUSH SECURITIES INC,10% Owner,"Aug 20, 2021",$6.97,500,3485,2243000,"Aug 23, 2021, 06:05 PM",buy
42,JMP GROUP LLC,WEDBUSH SECURITIES INC,10% Owner,"Aug 19, 2021",$7.06,3999,28253,2242500,"Aug 23, 2021, 06:05 PM",buy
43,JMP GROUP LLC,WEDBUSH SECURITIES INC,10% Owner,"Aug 20, 2021",$6.97,500,3485,2243000,"Aug 23, 2021, 06:05 PM",buy
44,JMP GROUP LLC,WEDBUSH SECURITIES INC,10% Owner,"Aug 19, 2021",$7.06,3999,28253,2242500,"Aug 23, 2021, 06:05 PM",buy
45,ON24 INC.,ZWARENSTEIN BARRY,Director,"Aug 20, 2021",$20.45,25000,511188,42500,"Aug 23, 2021, 06:05 PM",buy
46,"Cocrystal Pharma, Inc.",PFENNIGER RICHARD C JR,Director,"Aug 20, 2021",$1.03,40000,41120,40000,"Aug 23, 2021, 06:02 PM",buy
47,"HARROW HEALTH, INC.",Opaleye Management Inc.,10% Owner,"Aug 19, 2021",$8.44,2500,21112,150000,"Aug 23, 2021, 05:59 PM",buy
48,"HARROW HEALTH, INC.",Opaleye Management Inc.,10% Owner,"Aug 19, 2021",$8.44,50000,422250,3135000,"Aug 23, 2021, 05:59 PM",buy
49,Scopus BioPharma Inc.,Lamstein Joshua R,Chairman,"Aug 19, 2021",$4.04,800,3232,119597,"Aug 23, 2021, 05:55 PM",buy
50,Blue Foundry Bancorp,Nesci James D,President and CEO,"Aug 20, 2021",$13.48,10000,134798,20082,"Aug 23, 2021, 05:49 PM",buy
51,OneSpan Inc.,McConnell Michael J,Director,"Aug 20, 2021",$18.06,5000,90300,15000,"Aug 23, 2021, 05:49 PM",buy
52,CENTRAL GARDEN & PET CO,Myers Daniel P.,Director,"Aug 19, 2021",$42.15,2375,100106,3966,"Aug 23, 2021, 05:33 PM",buy
53,Comstock Mining Inc.,Drozdoff Leo M,Director,"Aug 19, 2021",$2.75,17000,46750,323240,"Aug 23, 2021, 05:31 PM",buy
54,Better Choice Co Inc.,Sauermann Robert,"EVP, Strategy","Aug 20, 2021",$3.52,3000,10560,8000,"Aug 23, 2021, 05:29 PM",buy
55,Better Choice Co Inc.,Young Donald,"EVP, Sales","Aug 20, 2021",$3.55,14000,49700,49934,"Aug 23, 2021, 05:29 PM",buy
56,Better Choice Co Inc.,Lerner Scott,CEO,"Aug 20, 2021",$3.50,1445,5058,12746,"Aug 23, 2021, 05:26 PM",buy
57,AMERISAFE INC,GARCIA PHILIP A,Director,"Aug 19, 2021",$56.49,2772,156590,16415,"Aug 23, 2021, 05:26 PM",buy
58,Six Flags Entertainment Corp,Ruchim Arik W,Director,"Aug 19, 2021",$37.89,75000,2841833,7875000,"Aug 23, 2021, 05:26 PM",buy
59,Six Flags Entertainment Corp,Ruchim Arik W,Director,"Aug 20, 2021",$38.60,25000,964955,7900000,"Aug 23, 2021, 05:26 PM",buy
60,"Emmaus Life Sciences, Inc.",Niihara Yutaka,Chairman and CEO,"Aug 23, 2021",$1.45,2000,2900,10844664,"Aug 23, 2021, 05:23 PM",buy
61,"Emmaus Life Sciences, Inc.",Niihara Yutaka,Chairman and CEO,"Aug 20, 2021",$1.44,4600,6624,10842664,"Aug 23, 2021, 05:23 PM",buy
62,"Emmaus Life Sciences, Inc.",Niihara Yutaka,Chairman and CEO,"Aug 19, 2021",$1.47,2600,3822,10838064,"Aug 23, 2021, 05:23 PM",buy
63,"MINIM, INC.",Horowitz Joshua,Director,"Aug 23, 2021",$2.18,20000,43642,1266640,"Aug 23, 2021, 05:17 PM",buy
64,"Hill International, Inc.",EVANS PAUL J.,Director,"Aug 19, 2021",$2.32,10000,23200,383676,"Aug 23, 2021, 05:12 PM",buy
65,"Hill International, Inc.",EVANS PAUL J.,Director,"Aug 23, 2021",$2.29,10600,24274,404276,"Aug 23, 2021, 05:12 PM",buy
66,"Hill International, Inc.",EVANS PAUL J.,Director,"Aug 20, 2021",$2.24,10000,22400,393676,"Aug 23, 2021, 05:12 PM",buy
67,"Origin Materials, Inc.",RICHARDSON KAREN A,Director,"Aug 23, 2021",$6.06,20000,121286,20000,"Aug 23, 2021, 05:03 PM",buy
68,ALTA EQUIPMENT GROUP INC.,"B. Riley Financial, Inc.",10% Owner,"Aug 19, 2021",$12.24,854,10456,1351307,"Aug 23, 2021, 05:01 PM",buy
69,ALLIED MOTION TECHNOLOGIES INC,Engel Robert B,Director,"Aug 20, 2021",$31.72,1500,47580,23791,"Aug 23, 2021, 04:54 PM",buy
70,"Apple Hospitality REIT, Inc.",Clarke Jeanette,SVP Chief Cap. Invest. Officer,"Aug 19, 2021",$14.24,300,4272,78804,"Aug 23, 2021, 04:48 PM",buy
71,"Montrose Environmental Group, Inc.",PRICE JAMES K,Director,"Aug 19, 2021",$44.19,11406,504031,1072333,"Aug 23, 2021, 04:46 PM",buy
72,Finance of America Companies Inc.,Fleming Graham,President,"Aug 19, 2021",$5.20,20000,104000,20000,"Aug 23, 2021, 04:40 PM",buy
73,MultiPlan Corp,Klapstein Julie D,Director,"Aug 20, 2021",$6.00,12000,71957,30105,"Aug 23, 2021, 04:34 PM",buy
74,"Cardlytics, Inc.",BALEN JOHN V,Director,"Aug 20, 2021",$81.41,1000,81410,31097,"Aug 23, 2021, 04:32 PM",buy
75,"Cardlytics, Inc.",BALEN JOHN V,Director,"Aug 19, 2021",$78.61,1000,78607,30097,"Aug 23, 2021, 04:32 PM",buy
76,Northwest Natural Holding Co,Wasson Malia H,Director,"Aug 19, 2021",$51.99,2000,103985,6805,"Aug 23, 2021, 04:32 PM",buy
77,Target Hospitality Corp.,STUDDERT ANDREW P,Director,"Aug 20, 2021",$3.48,10000,34800,197632,"Aug 23, 2021, 04:31 PM",buy
78,"Calyxt, Inc.",Koschak William,Chief Financial Officer,"Aug 19, 2021",$3.21,20000,64112,38000,"Aug 23, 2021, 04:31 PM",buy
79,BENCHMARK ELECTRONICS INC,De Greef-Safft Anne,Director,"Aug 20, 2021",$25.74,3884,99974,3884,"Aug 23, 2021, 04:30 PM",buy
80,Stagwell Inc,Penn Mark Jeffery,Chief Executive Officer,"Aug 19, 2021",$6.66,15000,99900,14415714,"Aug 23, 2021, 04:30 PM",buy
81,Granite Point Mortgage Trust Inc.,TAYLOR JOHN A,President and CEO,"Aug 13, 2021",$13.41,7400,99238,245845,"Aug 23, 2021, 04:29 PM",buy
82,Granite Point Mortgage Trust Inc.,SANDERS WILLIAM REID,Director,"Aug 20, 2021",$13.20,8262,109050,87887,"Aug 23, 2021, 04:27 PM",buy
83,"Evolus, Inc.",Medytox Inc.,10% Owner,"Aug 19, 2021",$10.51,55000,578110,7112652,"Aug 23, 2021, 04:26 PM",buy
84,"Evolus, Inc.",Medytox Inc.,10% Owner,"Aug 20, 2021",$10.56,48000,506698,7160652,"Aug 23, 2021, 04:26 PM",buy
85,Granite Point Mortgage Trust Inc.,ALPART STEPHEN,Chief Investment Officer,"Aug 19, 2021",$12.97,3900,50583,129303,"Aug 23, 2021, 04:25 PM",buy
86,Park Hotels & Resorts Inc.,ECKERT THOMAS D,Director,"Aug 20, 2021",$17.73,10000,177300,83627,"Aug 23, 2021, 04:25 PM",buy
87,"STRYVE FOODS, INC.",Casey Ted,Director,"Aug 20, 2021",$5.96,10000,59640,126301,"Aug 23, 2021, 04:22 PM",buy
88,"Planet Fitness, Inc.",Fitzgerald Thomas J III,Chief Financial Officer,"Aug 19, 2021",$69.29,1000,69287,8194,"Aug 23, 2021, 04:21 PM",buy
89,"STRYVE FOODS, INC.",OBLAS JOE A,Co-Chief Executive Officer,"Aug 20, 2021",$5.83,3000,17490,6000,"Aug 23, 2021, 04:19 PM",buy
90,"STRYVE FOODS, INC.",OBLAS JOE A,Co-Chief Executive Officer,"Aug 19, 2021",$5.97,3000,17910,3000,"Aug 23, 2021, 04:19 PM",buy
91,PHX MINERALS INC.,"Edenbrook Capital, LLC",10% Owner,"Aug 23, 2021",$2.58,20000,51600,4789069,"Aug 23, 2021, 04:19 PM",buy
92,PHX MINERALS INC.,"Edenbrook Capital, LLC",10% Owner,"Aug 20, 2021",$2.52,39277,99088,4769069,"Aug 23, 2021, 04:19 PM",buy
93,PHX MINERALS INC.,"Edenbrook Capital, LLC",10% Owner,"Aug 19, 2021",$2.52,20723,52187,4729792,"Aug 23, 2021, 04:19 PM",buy
94,INTERNATIONAL PAPER CO /NEW/,Lewis Clinton A. Jr.,Director,"Jul 27, 2021",$58.42,9,526,128,"Aug 23, 2021, 04:17 PM",buy
95,INTERNATIONAL PAPER CO /NEW/,Lewis Clinton A. Jr.,Director,"Jul 30, 2020",$35.49,8,284,8,"Aug 23, 2021, 04:17 PM",buy
96,"Ault Global Holdings, Inc.",AULT MILTON C III,Executive Chairman,"Aug 20, 2021",$2.27,15000,33996,1658916,"Aug 23, 2021, 04:16 PM",buy
97,"MINIM, INC.",Zheng Nicole Elisabeth,President & CMO,"Aug 20, 2021",$2.18,5,11,215630,"Aug 23, 2021, 04:16 PM",buy
98,"MINIM, INC.",Zheng Nicole Elisabeth,President & CMO,"Aug 19, 2021",$2.28,439,1001,215625,"Aug 23, 2021, 04:16 PM",buy
99,ROLLINS INC,Bimmerman Julie Korioth,Interim CFO and Treasurer,"Aug 17, 2021",$37.85,13,492,38168,"Aug 23, 2021, 04:16 PM",buy
100,Holley Inc.,Nimmagadda Vinod,See Remarks,"Aug 19, 2021",$11.09,2584,28654,2584,"Aug 23, 2021, 04:15 PM",buy
1,"Thryv Holdings, Inc.","Mudrick Capital Management, L.P.",Director,"Aug 24, 2021",$31.01,165000,5116464,12306941,"Aug 25, 2021, 09:28 PM",sell
2,"Thryv Holdings, Inc.","Mudrick Capital Management, L.P.",Director,"Aug 23, 2021",$30.54,170000,5191800,12470111,"Aug 25, 2021, 09:28 PM",sell
3,"Arista Networks, Inc.",Ullal Jayshree,President and CEO,"Aug 23, 2021",$371.72,9,3345,557647,"Aug 25, 2021, 09:22 PM",sell
4,"Arista Networks, Inc.",Ullal Jayshree,President and CEO,"Aug 24, 2021",$371.72,6604,2454839,2045498,"Aug 25, 2021, 09:22 PM",sell
5,"Arista Networks, Inc.",Ullal Jayshree,President and CEO,"Aug 24, 2021",$371.72,2647,983943,555000,"Aug 25, 2021, 09:22 PM",sell
6,"Arista Networks, Inc.",Ullal Jayshree,President and CEO,"Aug 23, 2021",$371.72,21,7806,2052102,"Aug 25, 2021, 09:22 PM",sell
7,"Arista Networks, Inc.",Ullal Jayshree,President and CEO,"Aug 23, 2021",$371.72,9,3345,557647,"Aug 25, 2021, 09:22 PM",sell
8,"Arista Networks, Inc.",Ullal Jayshree,President and CEO,"Aug 24, 2021",$371.72,2647,983943,555000,"Aug 25, 2021, 09:22 PM",sell
9,"Arista Networks, Inc.",BECHTOLSHEIM ANDREAS,Chief Development Officer,"Aug 23, 2021",$369.34,25000,9233397,44062,"Aug 25, 2021, 09:22 PM",sell
10,"Arista Networks, Inc.",BECHTOLSHEIM ANDREAS,Chief Development Officer,"Aug 24, 2021",$374.37,25000,9359284,12426453,"Aug 25, 2021, 09:22 PM",sell
11,"Arista Networks, Inc.",BECHTOLSHEIM ANDREAS,Chief Development Officer,"Aug 23, 2021",$369.33,25000,9233178,12450452,"Aug 25, 2021, 09:22 PM",sell
12,"Arista Networks, Inc.",BECHTOLSHEIM ANDREAS,Chief Development Officer,"Aug 24, 2021",$374.35,25000,9358867,45067,"Aug 25, 2021, 09:22 PM",sell
13,Applied Molecular Transport Inc.,Kim Helen Susan,Director,"Aug 25, 2021",$30.08,9478,285075,590014,"Aug 25, 2021, 09:07 PM",sell
14,Applied Molecular Transport Inc.,Kim Helen Susan,Director,"Aug 24, 2021",$30.03,508,15255,599495,"Aug 25, 2021, 09:07 PM",sell
15,Fabrinet,Archer Edward T.,"EVP, Sales & Marketing","Aug 19, 2021",$99.85,11450,1143229,30674,"Aug 25, 2021, 09:07 PM",sell
16,ALIGN TECHNOLOGY INC,Thaler Warren S,Director,"Aug 24, 2021",$711.54,5000,3557723,54692,"Aug 25, 2021, 09:02 PM",sell
17,Roblox Corp,Tolley Brett,Principal Accounting Officer,"Aug 23, 2021",$83.36,1351,112616,34349,"Aug 25, 2021, 08:59 PM",sell
18,Roblox Corp,Sturman Daniel,Chief Technology Officer,"Aug 25, 2021",$90.00,16668,1500120,58736,"Aug 25, 2021, 08:58 PM",sell
19,Roblox Corp,Guthrie Michael,Chief Financial Officer,"Aug 23, 2021",$83.36,4890,407616,88384,"Aug 25, 2021, 08:57 PM",sell
20,Roblox Corp,Donato Craig,Chief Business Officer,"Aug 24, 2021",$88.21,5702,502958,1442091,"Aug 25, 2021, 08:56 PM",sell
21,Roblox Corp,Donato Craig,Chief Business Officer,"Aug 23, 2021",$85.00,30000,2550018,365000,"Aug 25, 2021, 08:56 PM",sell
22,Roblox Corp,Donato Craig,Chief Business Officer,"Aug 23, 2021",$84.62,32574,2756375,1455367,"Aug 25, 2021, 08:56 PM",sell
23,Roblox Corp,Bronstein Manuel,Chief Product Officer,"Aug 24, 2021",$88.44,23270,2057981,792682,"Aug 25, 2021, 08:54 PM",sell
24,Roblox Corp,Bronstein Manuel,Chief Product Officer,"Aug 23, 2021",$83.36,35034,2920335,838425,"Aug 25, 2021, 08:54 PM",sell
25,Roblox Corp,Bronstein Manuel,Chief Product Officer,"Aug 25, 2021",$90.00,1790,161100,789906,"Aug 25, 2021, 08:54 PM",sell
26,WILLAMETTE VALLEY VINEYARDS INC,BERNAU JAMES W,Chief Executive Officer,"Aug 23, 2021",$12.75,2053,26176,386420,"Aug 25, 2021, 08:45 PM",sell
27,WILLAMETTE VALLEY VINEYARDS INC,BERNAU JAMES W,Chief Executive Officer,"Aug 25, 2021",$12.75,249,3175,386171,"Aug 25, 2021, 08:45 PM",sell
28,Repare Therapeutics Inc.,ORBIMED ADVISORS LLC,Director,"Aug 25, 2021",$34.34,7082,243196,3239178,"Aug 25, 2021, 08:43 PM",sell
29,Repare Therapeutics Inc.,ORBIMED ADVISORS LLC,Director,"Aug 24, 2021",$34.07,4039,137609,3246052,"Aug 25, 2021, 08:43 PM",sell
30,Repare Therapeutics Inc.,ORBIMED ADVISORS LLC,Director,"Aug 23, 2021",$34.06,7094,241622,3249972,"Aug 25, 2021, 08:43 PM",sell
31,"10x Genomics, Inc.",Kosaraju Sridhar,Director,"Aug 23, 2021",$162.06,1500,243088,10300,"Aug 25, 2021, 08:39 PM",sell
32,"10x Genomics, Inc.",Saxonov Serge,Chief Executive Officer,"Aug 23, 2021",$161.85,742,120091,903326,"Aug 25, 2021, 08:38 PM",sell
33,"10x Genomics, Inc.",McAnear Justin J.,Chief Financial Officer,"Aug 23, 2021",$161.85,270,43699,39100,"Aug 25, 2021, 08:37 PM",sell
34,"10x Genomics, Inc.",Hindson Benjamin J.,See Remarks,"Aug 23, 2021",$161.85,337,54543,47117,"Aug 25, 2021, 08:37 PM",sell
35,Repare Therapeutics Inc.,Bonita David P,Director,"Aug 25, 2021",$34.34,7082,243196,3239178,"Aug 25, 2021, 08:36 PM",sell
36,Repare Therapeutics Inc.,Bonita David P,Director,"Aug 24, 2021",$34.07,4039,137609,3246052,"Aug 25, 2021, 08:36 PM",sell
37,Repare Therapeutics Inc.,Bonita David P,Director,"Aug 23, 2021",$34.06,7094,241622,3249972,"Aug 25, 2021, 08:36 PM",sell
38,"10x Genomics, Inc.",CRUTCHFIELD BRADFORD,Chief Commercial Officer,"Aug 23, 2021",$161.85,270,43699,43336,"Aug 25, 2021, 08:36 PM",sell
39,MYRIAD GENETICS INC,LANCHBURY JERRY S,Chief Scientific Officer,"Aug 24, 2021",$35.57,30000,1067100,232550,"Aug 25, 2021, 08:32 PM",sell
40,MYRIAD GENETICS INC,LANCHBURY JERRY S,Chief Scientific Officer,"Aug 23, 2021",$35.17,50000,1758500,232550,"Aug 25, 2021, 08:32 PM",sell
41,"KRATOS DEFENSE & SECURITY SOLUTIONS, INC.",Mendoza Marie,SVP & General Counsel,"Aug 23, 2021",$22.34,1050,23457,28070,"Aug 25, 2021, 08:27 PM",sell
42,"PMV Pharmaceuticals, Inc.",Schroeder Thilo,Director,"Aug 25, 2021",$31.01,13526,419441,1585953,"Aug 25, 2021, 08:25 PM",sell
43,"PMV Pharmaceuticals, Inc.",Schroeder Thilo,Director,"Aug 24, 2021",$31.08,14490,450349,1599479,"Aug 25, 2021, 08:25 PM",sell
44,"PMV Pharmaceuticals, Inc.",Schroeder Thilo,Director,"Aug 23, 2021",$30.67,23838,731153,1614669,"Aug 25, 2021, 08:25 PM",sell
45,Repare Therapeutics Inc.,Bonita David P,Director,"Aug 18, 2021",$33.99,2930,99591,3256857,"Aug 25, 2021, 08:25 PM",sell
46,Repare Therapeutics Inc.,Bonita David P,Director,"Aug 17, 2021",$34.12,17398,593620,3259439,"Aug 25, 2021, 08:25 PM",sell
47,"TANGER FACTORY OUTLET CENTERS, INC",WARREN CARRIE A,"EVP, Chief Marketing Officer","Aug 25, 2021",$17.00,1500,25500,53041,"Aug 25, 2021, 08:24 PM",sell
48,"TANGER FACTORY OUTLET CENTERS, INC",WARREN CARRIE A,"EVP, Chief Marketing Officer","Aug 23, 2021",$16.72,1000,16720,54541,"Aug 25, 2021, 08:24 PM",sell
49,Facebook Inc,Zuckerberg Mark,COB and CEO,"Aug 25, 2021",$368.42,6300,2321057,5920,"Aug 25, 2021, 08:21 PM",sell
50,Facebook Inc,Zuckerberg Mark,COB and CEO,"Aug 25, 2021",$368.42,15000,5526375,1299996,"Aug 25, 2021, 08:21 PM",sell
51,Facebook Inc,Zuckerberg Mark,COB and CEO,"Aug 25, 2021",$368.47,56000,20634074,53685,"Aug 25, 2021, 08:21 PM",sell
52,"KRATOS DEFENSE & SECURITY SOLUTIONS, INC.",Lund Deanna H,EVP & CFO,"Aug 23, 2021",$22.21,11500,255470,227282,"Aug 25, 2021, 08:21 PM",sell
53,Facebook Inc,Zuckerberg Mark,COB and CEO,"Aug 24, 2021",$365.85,6300,2304862,5947,"Aug 25, 2021, 08:18 PM",sell
54,Facebook Inc,Zuckerberg Mark,COB and CEO,"Aug 24, 2021",$365.85,15000,5487711,1314633,"Aug 25, 2021, 08:18 PM",sell
55,Facebook Inc,Zuckerberg Mark,COB and CEO,"Aug 24, 2021",$365.83,56000,20486741,54649,"Aug 25, 2021, 08:18 PM",sell
56,Facebook Inc,Zuckerberg Mark,COB and CEO,"Aug 23, 2021",$363.72,56000,20368051,54512,"Aug 25, 2021, 08:14 PM",sell
57,Facebook Inc,Zuckerberg Mark,COB and CEO,"Aug 23, 2021",$363.75,6300,2291642,6204,"Aug 25, 2021, 08:14 PM",sell
58,Facebook Inc,Zuckerberg Mark,COB and CEO,"Aug 23, 2021",$363.76,15000,5456358,1330616,"Aug 25, 2021, 08:14 PM",sell
59,"KRATOS DEFENSE & SECURITY SOLUTIONS, INC.",DEMARCO ERIC M,President & CEO,"Aug 23, 2021",$22.41,10000,224104,356040,"Aug 25, 2021, 08:13 PM",sell
60,CARVANA CO.,GARCIA ERNEST C. II,10% Owner,"Aug 23, 2021",$357.13,40767,14559181,0,"Aug 25, 2021, 08:12 PM",sell
61,"Dime Community Bancshares, Inc. /NY/","BASSWOOD CAPITAL MANAGEMENT, L.L.C.",10% Owner,"Aug 23, 2021",$33.10,100000,3310000,2802254,"Aug 25, 2021, 08:08 PM",sell
62,"Dime Community Bancshares, Inc. /NY/","BASSWOOD CAPITAL MANAGEMENT, L.L.C.",10% Owner,"Aug 25, 2021",$33.65,12682,426749,177858,"Aug 25, 2021, 08:08 PM",sell
63,"Dime Community Bancshares, Inc. /NY/","BASSWOOD CAPITAL MANAGEMENT, L.L.C.",10% Owner,"Aug 24, 2021",$33.25,14132,469889,2796054,"Aug 25, 2021, 08:08 PM",sell
64,"PINTEREST, INC.",Yang Tseli Lily,Chief Accounting Officer,"Aug 23, 2021",$54.43,2823,153649,59258,"Aug 25, 2021, 08:07 PM",sell
65,BIOLIFE SOLUTIONS INC,Mathew Aby J.,Exec VP & Chief Scientific Off,"Aug 25, 2021",$53.12,10000,531200,209589,"Aug 25, 2021, 08:05 PM",sell
66,BIOLIFE SOLUTIONS INC,Mathew Aby J.,Exec VP & Chief Scientific Off,"Aug 23, 2021",$46.54,10000,465400,209589,"Aug 25, 2021, 08:05 PM",sell
67,"iTeos Therapeutics, Inc.",Detheux Michel,Chief Executive Officer,"Aug 25, 2021",$28.00,861,24109,140352,"Aug 25, 2021, 08:04 PM",sell
68,"iTeos Therapeutics, Inc.",Detheux Michel,Chief Executive Officer,"Aug 24, 2021",$28.26,225,6359,141213,"Aug 25, 2021, 08:04 PM",sell
69,"iTeos Therapeutics, Inc.",Detheux Michel,Chief Executive Officer,"Aug 23, 2021",$28.06,7499,210422,141438,"Aug 25, 2021, 08:04 PM",sell
70,BIOLIFE SOLUTIONS INC,Foster Karen A.,Chief Quality Officer,"Aug 23, 2021",$46.54,16332,760091,72777,"Aug 25, 2021, 08:03 PM",sell
71,"Net Element, Inc.",Wolberg Steven,Chief Legal Officer,"Aug 25, 2021",$11.03,4000,44137,101684,"Aug 25, 2021, 07:54 PM",sell
72,"Net Element, Inc.",Wolberg Steven,Chief Legal Officer,"Aug 24, 2021",$11.20,41919,469409,105684,"Aug 25, 2021, 07:54 PM",sell
73,MGM Resorts International,HERMAN ALEXIS,Director,"Aug 25, 2021",$41.94,2500,104862,14644,"Aug 25, 2021, 07:50 PM",sell
74,GTY Technology Holdings Inc.,Ross Craig,CRO OF GTY AND CEO OF QUESTICA,"Aug 25, 2021",$7.26,21454,155777,261000,"Aug 25, 2021, 07:47 PM",sell
75,GTY Technology Holdings Inc.,Ross Craig,CRO OF GTY AND CEO OF QUESTICA,"Aug 25, 2021",$7.30,6839,49925,282454,"Aug 25, 2021, 07:47 PM",sell
76,GTY Technology Holdings Inc.,Ross Craig,CRO OF GTY AND CEO OF QUESTICA,"Aug 24, 2021",$7.30,3527,25747,289293,"Aug 25, 2021, 07:47 PM",sell
77,"Cullinan Oncology, Inc.",UBS Oncology Impact Fund L.P.,10% Owner,"Aug 25, 2021",$29.09,1713,49831,7805483,"Aug 25, 2021, 07:42 PM",sell
78,"Cullinan Oncology, Inc.",UBS Oncology Impact Fund L.P.,10% Owner,"Aug 24, 2021",$29.48,50822,1498233,7807196,"Aug 25, 2021, 07:42 PM",sell
79,"Cullinan Oncology, Inc.",UBS Oncology Impact Fund L.P.,10% Owner,"Aug 23, 2021",$29.11,53359,1553281,7858018,"Aug 25, 2021, 07:42 PM",sell
80,"Cullinan Oncology, Inc.",GADICKE ANSBERT,Director,"Aug 23, 2021",$29.11,53359,1553281,7858018,"Aug 25, 2021, 07:41 PM",sell
81,"Cullinan Oncology, Inc.",GADICKE ANSBERT,Director,"Aug 25, 2021",$29.09,237,6894,266283,"Aug 25, 2021, 07:41 PM",sell
82,"Cullinan Oncology, Inc.",GADICKE ANSBERT,Director,"Aug 23, 2021",$29.11,7376,214715,273545,"Aug 25, 2021, 07:41 PM",sell
83,"Cullinan Oncology, Inc.",GADICKE ANSBERT,Director,"Aug 24, 2021",$29.48,50882,1500001,7807196,"Aug 25, 2021, 07:41 PM",sell
84,"Cullinan Oncology, Inc.",GADICKE ANSBERT,Director,"Aug 24, 2021",$29.48,7025,207097,266520,"Aug 25, 2021, 07:41 PM",sell
85,"Cullinan Oncology, Inc.",GADICKE ANSBERT,Director,"Aug 25, 2021",$29.09,1713,49831,7805483,"Aug 25, 2021, 07:41 PM",sell
86,EVERSPIN TECHNOLOGIES INC,Aggarwal Sanjeev,"CTO & VP, Technology R&D","Aug 24, 2021",$5.85,200,1170,45927,"Aug 25, 2021, 07:38 PM",sell
87,DYNAVAX TECHNOLOGIES CORP,Novack David F,President & COO,"Aug 24, 2021",$14.00,10000,140000,104066,"Aug 25, 2021, 07:35 PM",sell
88,"Coursera, Inc.",Wong Chun Yu,See Remarks,"Aug 23, 2021",$36.01,57000,2052578,594372,"Aug 25, 2021, 07:34 PM",sell
89,"KnowBe4, Inc.",Venkataraman Shrikrishna,Co-President & CFO,"Aug 23, 2021",$22.19,18287,405752,296424,"Aug 25, 2021, 07:33 PM",sell
90,"KnowBe4, Inc.",Venkataraman Shrikrishna,Co-President & CFO,"Aug 25, 2021",$22.79,52699,1201216,221765,"Aug 25, 2021, 07:33 PM",sell
91,"KnowBe4, Inc.",Venkataraman Shrikrishna,Co-President & CFO,"Aug 24, 2021",$22.53,21960,494695,275413,"Aug 25, 2021, 07:33 PM",sell
92,"KnowBe4, Inc.",Sjouwerman Sjoerd,Chief Executive Officer,"Aug 24, 2021",$22.56,11793,266064,100,"Aug 25, 2021, 07:32 PM",sell
93,"KnowBe4, Inc.",Sjouwerman Sjoerd,Chief Executive Officer,"Aug 23, 2021",$22.19,18207,404090,0,"Aug 25, 2021, 07:32 PM",sell
94,"CISCO SYSTEMS, INC.",Robbins Charles,Chair and CEO,"Aug 25, 2021",$59.69,6543,390572,587380,"Aug 25, 2021, 07:32 PM",sell
95,DYNAVAX TECHNOLOGIES CORP,Burgess Justin,Principal Accounting Officer,"Aug 24, 2021",$15.00,5768,86520,3721,"Aug 25, 2021, 07:32 PM",sell
96,"KnowBe4, Inc.",Letonoff Lars,See remarks,"Aug 24, 2021",$22.53,21823,491618,3427,"Aug 25, 2021, 07:31 PM",sell
97,"KnowBe4, Inc.",Letonoff Lars,See remarks,"Aug 23, 2021",$22.18,18267,405213,0,"Aug 25, 2021, 07:31 PM",sell
98,"KnowBe4, Inc.",Letonoff Lars,See remarks,"Aug 25, 2021",$22.77,22183,505074,0,"Aug 25, 2021, 07:31 PM",sell
99,"CISCO SYSTEMS, INC.",Martinez Maria,EVP & Chief Operating Officer,"Aug 24, 2021",$59.01,44000,2596541,204881,"Aug 25, 2021, 07:31 PM",sell
100,"CISCO SYSTEMS, INC.",Martinez Maria,EVP & Chief Operating Officer,"Aug 23, 2021",$58.52,4000,234063,248881,"Aug 25, 2021, 07:31 PM",sell
1,ON24 INC.,FEDERMAN IRWIN,Director,"Aug 24, 2021",$22.13,15625,345781,29880,"Aug 25, 2021, 07:30 PM",sell
2,ON24 INC.,FEDERMAN IRWIN,Director,"Aug 24, 2021",$22.13,312,6905,0,"Aug 25, 2021, 07:30 PM",sell
3,ON24 INC.,FEDERMAN IRWIN,Director,"Aug 24, 2021",$22.13,15625,345781,29880,"Aug 25, 2021, 07:30 PM",sell
4,"CISCO SYSTEMS, INC.",Elliott Geraldine,EVP & Chief Cust & Prtnr Offcr,"Aug 25, 2021",$59.40,50000,2969805,266791,"Aug 25, 2021, 07:29 PM",sell
5,"CISCO SYSTEMS, INC.",BHATT PRAT,SVP & Chief Acctg Officer,"Aug 23, 2021",$58.40,3518,205454,94436,"Aug 25, 2021, 07:27 PM",sell
6,"TWITTER, INC.",Montano Michael,Engineering Lead,"Aug 23, 2021",$63.21,4500,284445,587337,"Aug 25, 2021, 07:13 PM",sell
7,"ROKU, INC",Rosenberg Scott A.,"GM, Sr. VP Platform Business","Aug 23, 2021",$354.72,7500,2660400,15121,"Aug 25, 2021, 07:06 PM",sell
8,"SALESFORCE.COM, INC.",Benioff Marc,Chair of the Board & CEO,"Aug 24, 2021",$260.77,20000,5215309,29001448,"Aug 25, 2021, 07:05 PM",sell
9,SCHWAB CHARLES CORP,Schwab Charles R.,Chairman,"Aug 25, 2021",$74.49,70000,5213999,84167222,"Aug 25, 2021, 07:04 PM",sell
10,"Goosehead Insurance, Inc.",Colby Michael C.,President and COO,"Aug 24, 2021",$136.24,34727,4731035,105918,"Aug 25, 2021, 07:00 PM",sell
11,"Goosehead Insurance, Inc.",Colby Michael C.,President and COO,"Aug 23, 2021",$133.40,5832,778004,84863,"Aug 25, 2021, 07:00 PM",sell
12,"Goosehead Insurance, Inc.",Colby Michael C.,President and COO,"Aug 25, 2021",$131.27,5047,662512,89036,"Aug 25, 2021, 07:00 PM",sell
13,"SALESFORCE.COM, INC.",Harris Parker,Co-Founder and CTO,"Aug 24, 2021",$260.76,4300,1121283,86046,"Aug 25, 2021, 06:59 PM",sell
14,"Five9, Inc.",ZWARENSTEIN BARRY,Chief Financial Officer,"Aug 23, 2021",$182.14,1044,190154,99369,"Aug 25, 2021, 06:51 PM",sell
15,908 Devices Inc.,Basarsky Trent A.,"VP, Corporate Development","Aug 24, 2021",$34.95,10078,352226,35000,"Aug 25, 2021, 06:47 PM",sell
16,908 Devices Inc.,Basarsky Trent A.,"VP, Corporate Development","Aug 23, 2021",$34.11,25319,863640,50435,"Aug 25, 2021, 06:47 PM",sell
17,908 Devices Inc.,Basarsky Trent A.,"VP, Corporate Development","Aug 25, 2021",$34.95,1600,55920,35000,"Aug 25, 2021, 06:47 PM",sell
18,Walmart Inc.,WALTON JIM C,10% Owner,"Aug 24, 2021",$149.28,377976,56425558,319066027,"Aug 25, 2021, 06:47 PM",sell
19,Walmart Inc.,WALTON JIM C,10% Owner,"Aug 23, 2021",$150.93,254700,38442841,319420668,"Aug 25, 2021, 06:47 PM",sell
20,Walmart Inc.,WALTON JIM C,10% Owner,"Aug 25, 2021",$148.90,840503,125146744,318423997,"Aug 25, 2021, 06:47 PM",sell
21,SITIME Corp,Pangrazio Vincent P,See Remarks,"Aug 24, 2021",$203.30,135,27446,86884,"Aug 25, 2021, 06:45 PM",sell
22,SITIME Corp,Pangrazio Vincent P,See Remarks,"Aug 23, 2021",$203.08,3030,615332,87019,"Aug 25, 2021, 06:45 PM",sell
23,Walmart Inc.,WALTON ALICE L,10% Owner,"Aug 25, 2021",$148.90,840503,125146744,318423997,"Aug 25, 2021, 06:44 PM",sell
24,Walmart Inc.,WALTON ALICE L,10% Owner,"Aug 24, 2021",$149.28,377976,56425558,319066027,"Aug 25, 2021, 06:44 PM",sell
25,Walmart Inc.,WALTON ALICE L,10% Owner,"Aug 23, 2021",$150.93,254700,38442841,319420668,"Aug 25, 2021, 06:44 PM",sell
26,MAXIM INTEGRATED PRODUCTS INC,Imperato Jon,SVP of Sales and Marketing,"Aug 25, 2021",$104.83,2777,291114,60769,"Aug 25, 2021, 06:42 PM",sell
27,Walmart Inc.,WALTON S ROBSON,Director,"Aug 25, 2021",$148.90,840503,125146744,318423997,"Aug 25, 2021, 06:42 PM",sell
28,Walmart Inc.,WALTON S ROBSON,Director,"Aug 24, 2021",$149.28,377976,56425558,319066027,"Aug 25, 2021, 06:42 PM",sell
29,Walmart Inc.,WALTON S ROBSON,Director,"Aug 23, 2021",$150.93,254700,38442841,319420668,"Aug 25, 2021, 06:42 PM",sell
30,"Evolus, Inc.",Malik Vikram,Director,"Aug 23, 2021",$11.00,26077,286722,1143701,"Aug 25, 2021, 06:37 PM",sell
31,MARRONE BIO INNOVATIONS INC,Marrone Pamela G,Director,"Aug 24, 2021",$1.02,24510,25000,2208363,"Aug 25, 2021, 06:37 PM",sell
32,"Coinbase Global, Inc.",Jones Jennifer N.,Chief Accounting Officer,"Aug 23, 2021",$263.00,1029,270627,19009,"Aug 25, 2021, 06:31 PM",sell
33,SITIME Corp,Bonnot Lionel,See Remarks,"Aug 23, 2021",$203.08,3985,809274,99857,"Aug 25, 2021, 06:30 PM",sell
34,SITIME Corp,Bonnot Lionel,See Remarks,"Aug 24, 2021",$199.32,4042,805634,99680,"Aug 25, 2021, 06:30 PM",sell
35,"Asana, Inc.",Wan Tim M,Chief Financial Officer,"Aug 23, 2021",$75.02,20000,1500316,493852,"Aug 25, 2021, 06:28 PM",sell
36,Denali Therapeutics Inc.,Ho Carole,Chief Medical Officer,"Aug 23, 2021",$48.91,6143,300454,158630,"Aug 25, 2021, 06:26 PM",sell
37,SITIME Corp,Sevalia Piyush B,EVP Marketing,"Aug 24, 2021",$204.49,179,36604,100551,"Aug 25, 2021, 06:21 PM",sell
38,SITIME Corp,Sevalia Piyush B,EVP Marketing,"Aug 23, 2021",$203.07,4004,813092,100730,"Aug 25, 2021, 06:21 PM",sell
39,"Vaxcyte, Inc.",PICKERING GRANT,Chief Executive Officer,"Aug 23, 2021",$22.73,13669,310722,580323,"Aug 25, 2021, 06:11 PM",sell
40,AbbVie Inc.,Strom Carrie C,SVP & Pres Global Allerg Aesth,"Aug 23, 2021",$120.00,5057,606840,51047,"Aug 25, 2021, 06:08 PM",sell
41,"Oak Street Health, Inc.",PRICE GEOFFREY M,Chief Operating Officer,"Aug 24, 2021",$47.61,50000,2380400,2604070,"Aug 25, 2021, 06:08 PM",sell
42,AbbVie Inc.,Sorg Elaine K.,"SVP, US Commercial Operations","Aug 23, 2021",$120.00,13080,1569600,11595,"Aug 25, 2021, 06:08 PM",sell
43,SITIME Corp,CHADWICK ARTHUR D,"EVP, Chief Financial Officer","Aug 24, 2021",$203.28,218,44315,88774,"Aug 25, 2021, 06:08 PM",sell
44,SITIME Corp,CHADWICK ARTHUR D,"EVP, Chief Financial Officer","Aug 23, 2021",$203.08,4889,992858,88992,"Aug 25, 2021, 06:08 PM",sell
45,"MongoDB, Inc.",McMahon John Dennis,Director,"Aug 25, 2021",$390.00,1000,390000,12376,"Aug 25, 2021, 06:07 PM",sell
46,"MongoDB, Inc.",McMahon John Dennis,Director,"Aug 23, 2021",$369.83,3000,1109490,12376,"Aug 25, 2021, 06:07 PM",sell
47,"Bill.com Holdings, Inc.",Lacerte Rene A.,President and CEO,"Aug 23, 2021",$218.40,17953,3920973,38022,"Aug 25, 2021, 06:04 PM",sell
48,"Bill.com Holdings, Inc.",Lacerte Rene A.,President and CEO,"Aug 24, 2021",$219.06,7047,1543700,42122,"Aug 25, 2021, 06:04 PM",sell
49,SECURITY NATIONAL FINANCIAL CORP,Overbaugh Jason G.,VP/Ntnl Marketing Dir-Life Ins,"Jul 16, 2021",$8.48,2950,25016,104533,"Aug 25, 2021, 06:03 PM",sell
50,SITIME Corp,VASHIST RAJESH,Chief Executive Officer,"Aug 24, 2021",$201.56,1182,238244,603892,"Aug 25, 2021, 05:57 PM",sell
51,SITIME Corp,VASHIST RAJESH,Chief Executive Officer,"Aug 23, 2021",$201.91,21440,4328950,605074,"Aug 25, 2021, 05:57 PM",sell
52,Lumentum Holdings Inc.,Sepe Matthew Joseph,Chief Accounting Officer,"Aug 23, 2021",$86.37,3145,271635,14850,"Aug 25, 2021, 05:56 PM",sell
53,"AMICUS THERAPEUTICS, INC.",Prout Samantha,Principal Accounting Officer,"Aug 23, 2021",$11.00,5045,55495,83170,"Aug 25, 2021, 05:55 PM",sell
54,"HALOZYME THERAPEUTICS, INC.",BIZZARI JEAN-PIERRE,Director,"Aug 25, 2021",$41.01,35000,1435455,52544,"Aug 25, 2021, 05:54 PM",sell
55,CARLISLE COMPANIES INC,Roche Robert M.,VP & Chief Financial Officer,"Aug 25, 2021",$210.95,10480,2210716,25487,"Aug 25, 2021, 05:53 PM",sell
56,Lumentum Holdings Inc.,LOWE ALAN S,Chief Executive Officer,"Aug 23, 2021",$86.86,9861,856526,130803,"Aug 25, 2021, 05:52 PM",sell
57,IRADIMED CORP,Susi Roger E.,"President, CEO and Chairman","Aug 24, 2021",$33.59,5000,167974,906050,"Aug 25, 2021, 05:52 PM",sell
58,IRADIMED CORP,Susi Roger E.,"President, CEO and Chairman","Aug 23, 2021",$33.74,5000,168712,911050,"Aug 25, 2021, 05:52 PM",sell
59,TELOS CORP,WOOD EMMETT J.,"EVP, Marketing & Strategy","Aug 24, 2021",$31.29,28682,897460,402680,"Aug 25, 2021, 05:47 PM",sell
60,Zai Lab Ltd,Reinhart Harald,Chief Medical Officer,"Aug 24, 2021",$143.36,8000,1146880,0,"Aug 25, 2021, 05:47 PM",sell
61,Zai Lab Ltd,Reinhart Harald,Chief Medical Officer,"Aug 23, 2021",$135.00,8000,1080000,0,"Aug 25, 2021, 05:47 PM",sell
62,BICYCLE THERAPEUTICS plc,Kalowski Lee,President and CFO,"Aug 23, 2021",$33.02,7500,247650,0,"Aug 25, 2021, 05:45 PM",sell
63,MICROCHIP TECHNOLOGY INC,MEYERCORD WADE F,Director,"Aug 24, 2021",$148.83,500,74414,16788,"Aug 25, 2021, 05:45 PM",sell
64,EMCORE CORP,JACKSON REX S,Director,"Aug 25, 2021",$7.51,17000,127670,90641,"Aug 25, 2021, 05:44 PM",sell
65,"PayPal Holdings, Inc.",Auerbach Jonathan,"EVP,Chief Strategy,Growth & Da","Aug 24, 2021",$278.64,12314,3431208,80922,"Aug 25, 2021, 05:43 PM",sell
66,NXP Semiconductors N.V.,GOLDMAN KENNETH A,Director,"Aug 23, 2021",$210.77,2500,526931,20240,"Aug 25, 2021, 05:40 PM",sell
67,"E2open Parent Holdings, Inc.",Elliott Investment Management L.P.,10% Owner,"Aug 24, 2021",$11.63,193196,2246870,26995617,"Aug 25, 2021, 05:39 PM",sell
68,"E2open Parent Holdings, Inc.",Elliott Investment Management L.P.,10% Owner,"Aug 23, 2021",$11.03,300000,3309000,27188813,"Aug 25, 2021, 05:39 PM",sell
69,"E2open Parent Holdings, Inc.",Elliott Investment Management L.P.,10% Owner,"Aug 25, 2021",$11.98,171746,2057517,26823871,"Aug 25, 2021, 05:39 PM",sell
70,Safehold Inc.,ADLER DEAN S,Director,"Aug 25, 2021",$88.38,24000,2121156,170267,"Aug 25, 2021, 05:38 PM",sell
71,Safehold Inc.,ADLER DEAN S,Director,"Aug 24, 2021",$87.96,28500,2506817,194267,"Aug 25, 2021, 05:38 PM",sell
72,Safehold Inc.,ADLER DEAN S,Director,"Aug 23, 2021",$88.57,12130,1074299,222767,"Aug 25, 2021, 05:38 PM",sell
73,"PLBY Group, Inc.",Fortress Investment Group LLC,See Remarks,"Aug 25, 2021",$24.51,189482,4644244,2718733,"Aug 25, 2021, 05:37 PM",sell
74,"PLBY Group, Inc.",Fortress Investment Group LLC,See Remarks,"Aug 24, 2021",$22.83,99220,2264939,2782733,"Aug 25, 2021, 05:37 PM",sell
75,"PLBY Group, Inc.",Fortress Investment Group LLC,See Remarks,"Aug 23, 2021",$22.56,122623,2766041,2926688,"Aug 25, 2021, 05:37 PM",sell
76,UNIVERSAL ELECTRONICS INC,ZINSER EDWARD K,Director,"Aug 24, 2021",$50.70,3188,161632,19312,"Aug 25, 2021, 05:36 PM",sell
77,SONIM TECHNOLOGIES INC,"B. Riley Financial, Inc.",10% Owner,"Aug 25, 2021",$0.41,1500000,617700,2903765,"Aug 25, 2021, 05:31 PM",sell
78,SONIM TECHNOLOGIES INC,"B. Riley Financial, Inc.",10% Owner,"Aug 24, 2021",$0.41,1160078,474124,4403765,"Aug 25, 2021, 05:31 PM",sell
79,SONIM TECHNOLOGIES INC,"B. Riley Financial, Inc.",10% Owner,"Aug 23, 2021",$0.40,176482,69993,5563843,"Aug 25, 2021, 05:31 PM",sell
80,BADGER METER INC,GOMEZ GREGORY M,VP-Flow Instrumentation,"Aug 24, 2021",$105.78,5654,598058,14912,"Aug 25, 2021, 05:28 PM",sell
81,POTBELLY CORP,Douglas Jeffrey,"SVP, Chief Information Officer","Aug 23, 2021",$6.50,3750,24375,148181,"Aug 25, 2021, 05:27 PM",sell
82,Knight-Swift Transportation Holdings Inc.,Fitzsimmons James L,EVP - Operations,"Aug 25, 2021",$50.27,261,13120,0,"Aug 25, 2021, 05:24 PM",sell
83,BOYD GAMING CORP,SMITH KEITH,President & CEO,"Aug 23, 2021",$57.54,30000,1726269,1226958,"Aug 25, 2021, 05:22 PM",sell
84,California Resources Corp,GOLDENTREE ASSET MANAGEMENT LP,10% Owner,"Aug 23, 2021",$30.26,8300,251158,12846949,"Aug 25, 2021, 05:21 PM",sell
85,California Resources Corp,GOLDENTREE ASSET MANAGEMENT LP,10% Owner,"Aug 24, 2021",$30.58,276310,8448628,12843221,"Aug 25, 2021, 05:21 PM",sell
86,ALAMO GROUP INC,ROBINSON RONALD A,Director,"Aug 25, 2021",$150.47,1568,235936,175006,"Aug 25, 2021, 05:19 PM",sell
87,ALAMO GROUP INC,ROBINSON RONALD A,Director,"Aug 24, 2021",$150.05,115,17256,176489,"Aug 25, 2021, 05:19 PM",sell
88,"Goosehead Insurance, Inc.",Jones Mark Evan,CEO,"Aug 23, 2021",$136.99,12045,1649995,295406,"Aug 25, 2021, 05:18 PM",sell
89,"Clearfield, Inc.",Goepel Patrick,Director,"Aug 24, 2021",$45.08,6103,275123,60424,"Aug 25, 2021, 05:16 PM",sell
90,BIO-TECHNE Corp,Nusse Roeland,Director,"Aug 23, 2021",$481.52,4000,1926065,6765,"Aug 25, 2021, 05:13 PM",sell
91,"Anaplan, Inc.",Pinczuk Ana G.,Chief Development Officer,"Aug 23, 2021",$60.13,11554,694733,26461,"Aug 25, 2021, 05:12 PM",sell
92,"Datadog, Inc.",Le-Quoc Alexis,President & CTO,"Aug 23, 2021",$131.26,257520,33801728,167609,"Aug 25, 2021, 05:10 PM",sell
93,MGM Resorts International,SANDERS COREY IAN,CHIEF OPERATING OFFICER,"Aug 24, 2021",$40.00,10000,400000,359286,"Aug 25, 2021, 05:08 PM",sell
94,MGM Resorts International,SANDERS COREY IAN,CHIEF OPERATING OFFICER,"Aug 25, 2021",$42.00,20000,840000,339286,"Aug 25, 2021, 05:08 PM",sell
95,"GAMCO INVESTORS, INC. ET AL","Associated Capital Group, Inc.",10% Owner,"Aug 24, 2021",$27.90,2000,55795,1682201,"Aug 25, 2021, 05:07 PM",sell
96,"Cricut, Inc.",Blackwell Len,Director,"Aug 23, 2021",$26.91,10000,269111,355000,"Aug 25, 2021, 05:05 PM",sell
97,GARTNER INC,Dawkins Alwyn,"EVP, Global Business Sales","Aug 23, 2021",$304.71,1700,518007,34369,"Aug 25, 2021, 05:05 PM",sell
98,"Cricut, Inc.",Blackwell Len,Director,"Aug 24, 2021",$28.72,10000,287224,345000,"Aug 25, 2021, 05:05 PM",sell
99,"ALEXANDRIA REAL ESTATE EQUITIES, INC.",Ryan Daniel J,Co-Chief Investment Officer,"Aug 23, 2021",$206.90,10000,2068966,122405,"Aug 25, 2021, 05:05 PM",sell
100,"Square, Inc.",Ahuja Amrita,Chief Financial Officer,"Aug 23, 2021",$270.75,4994,1352143,147538,"Aug 25, 2021, 05:02 PM",sell
1,TRIMBLE INC.,Bisio Ronald,Sr. Vice President,"Aug 23, 2021",$92.28,3500,322987,36295,"Aug 25, 2021, 05:00 PM",sell
2,"Vir Biotechnology, Inc.",Virgin Herbert,"EVP, Research & CSO","Aug 24, 2021",$48.00,1375,66000,99700,"Aug 25, 2021, 05:00 PM",sell
3,DEXCOM INC,Pacelli Steven Robert,"Managing Dir., Dexcom Ventures","Aug 23, 2021",$516.40,1078,556678,49907,"Aug 25, 2021, 04:59 PM",sell
4,VEEVA SYSTEMS INC,Wallach Matthew J,Director,"Aug 23, 2021",$322.25,5000,1611267,2872,"Aug 25, 2021, 04:50 PM",sell
5,SYNOPSYS INC,Kankanwadi Sudhindra,"Senior VP, Finance & CAO","Aug 23, 2021",$320.58,3325,1065912,11165,"Aug 25, 2021, 04:46 PM",sell
6,SYNOPSYS INC,Kankanwadi Sudhindra,"Senior VP, Finance & CAO","Aug 24, 2021",$322.87,3000,968610,11165,"Aug 25, 2021, 04:46 PM",sell
7,"BJ's Wholesale Club Holdings, Inc.",Werner William C.,"EVP, Strategy & Development","Aug 23, 2021",$55.30,36132,1998131,58316,"Aug 25, 2021, 04:46 PM",sell
8,DATTO HOLDING CORP.,ABBOT JOHN,Chief Financial Officer,"Aug 23, 2021",$26.22,9000,235980,0,"Aug 25, 2021, 04:45 PM",sell
9,"J2 GLOBAL, INC.",ROSSEN JEREMY,VP/General Counsel,"Aug 24, 2021",$133.00,2717,361351,7784,"Aug 25, 2021, 04:45 PM",sell
10,"BJ's Wholesale Club Holdings, Inc.",Poulliot Brian,"EVP, Enterprise Analytics","Aug 24, 2021",$55.24,4899,270621,115977,"Aug 25, 2021, 04:45 PM",sell
11,"BJ's Wholesale Club Holdings, Inc.",Poulliot Brian,"EVP, Enterprise Analytics","Aug 23, 2021",$56.00,101,5656,115977,"Aug 25, 2021, 04:45 PM",sell
12,"Switch, Inc.",Borden Teresa A.,Chief Construction Officer,"Aug 23, 2021",$24.02,62471,1500591,525384,"Aug 25, 2021, 04:45 PM",sell
13,"Fortinet, Inc.",Jensen Keith,CFO & Chief Accounting Officer,"Aug 24, 2021",$301.31,7992,2408097,6769,"Aug 25, 2021, 04:45 PM",sell
14,AXCELIS TECHNOLOGIES INC,Bintz William J,"EVP, Product Development","Aug 25, 2021",$49.09,15061,739344,59836,"Aug 25, 2021, 04:44 PM",sell
15,"Fortinet, Inc.",Xie Michael,"VP, Engineering & CTO","Aug 24, 2021",$301.26,40000,12050535,3441469,"Aug 25, 2021, 04:43 PM",sell
16,"Fortinet, Inc.",Xie Michael,"VP, Engineering & CTO","Aug 24, 2021",$301.27,40000,12050946,5978451,"Aug 25, 2021, 04:43 PM",sell
17,BEST BUY CO INC,Bilunas Matthew M,Chief Financial Officer,"Aug 23, 2021",$113.16,819,92677,38886,"Aug 25, 2021, 04:42 PM",sell
18,BIO-TECHNE Corp,BAUMGARTNER ROBERT V,Director,"Aug 23, 2021",$485.55,4000,1942183,13313,"Aug 25, 2021, 04:42 PM",sell
19,"Certara, Inc.",Choe Jieun W.,CHIEF STRATEGY & MARKETING,"Aug 24, 2021",$30.00,7500,225000,322991,"Aug 25, 2021, 04:41 PM",sell
20,PEOPLES BANCORP OF NORTH CAROLINA INC,ABERNETHY CHRISTINE S,10% Owner,"Aug 24, 2021",$28.74,35000,1005900,573027,"Aug 25, 2021, 04:41 PM",sell
21,"ILLUMINA, INC.",Dadswell Charles,SVP & General Counsel,"Aug 23, 2021",$489.10,314,153577,5286,"Aug 25, 2021, 04:40 PM",sell
22,"OPIANT PHARMACEUTICALS, INC.",Sinclair Michael,Director,"Aug 24, 2021",$15.71,34607,543676,144070,"Aug 25, 2021, 04:38 PM",sell
23,"OPIANT PHARMACEUTICALS, INC.",Sinclair Michael,Director,"Aug 23, 2021",$16.50,65124,1074546,144070,"Aug 25, 2021, 04:38 PM",sell
24,"OPIANT PHARMACEUTICALS, INC.",Sinclair Michael,Director,"Aug 25, 2021",$14.69,50269,738452,144070,"Aug 25, 2021, 04:38 PM",sell
25,ZoomInfo Technologies Inc.,Mironov Jason,Director,"Aug 23, 2021",$62.59,523587,32771468,0,"Aug 25, 2021, 04:38 PM",sell
26,ABIOMED INC,MINOGUE MICHAEL R,"Chairman, President, CEO","Aug 23, 2021",$350.00,3492,1222200,211635,"Aug 25, 2021, 04:37 PM",sell
27,ZoomInfo Technologies Inc.,Crockett Todd,Director,"Aug 23, 2021",$62.59,523587,32771468,0,"Aug 25, 2021, 04:37 PM",sell
28,ZoomInfo Technologies Inc.,TA Atlantic & Pacific VII-B L.P.,Director,"Aug 23, 2021",$62.59,523587,32771468,0,"Aug 25, 2021, 04:36 PM",sell
29,ZoomInfo Technologies Inc.,"TA ASSOCIATES, L.P.",Director,"Aug 23, 2021",$62.59,523587,32771468,0,"Aug 25, 2021, 04:36 PM",sell
30,DIODES INC /DEL/,LU KEH SHEW,President & CEO,"Aug 23, 2021",$92.00,12000,1104000,412671,"Aug 25, 2021, 04:35 PM",sell
31,DIODES INC /DEL/,LU KEH SHEW,President & CEO,"Aug 24, 2021",$92.51,400,37006,347838,"Aug 25, 2021, 04:35 PM",sell
32,DIODES INC /DEL/,LU KEH SHEW,President & CEO,"Aug 23, 2021",$91.50,9000,823500,354038,"Aug 25, 2021, 04:35 PM",sell
33,DIODES INC /DEL/,LU KEH SHEW,President & CEO,"Aug 24, 2021",$93.25,9000,839250,400671,"Aug 25, 2021, 04:35 PM",sell
34,"TAPESTRY, INC.",Dadlani Manesh,"VP, Controller and PAO","Aug 23, 2021",$42.36,1211,51304,26049,"Aug 25, 2021, 04:34 PM",sell
35,DIODES INC /DEL/,Zhao Jin,"VP, Worldwide Analog Products","Aug 24, 2021",$92.30,1230,113529,12789,"Aug 25, 2021, 04:33 PM",sell
36,NOVANTA INC,Buckley Robert,Chief Financial Officer,"Aug 24, 2021",$146.18,8525,1246147,145592,"Aug 25, 2021, 04:32 PM",sell
37,NOVANTA INC,Buckley Robert,Chief Financial Officer,"Aug 23, 2021",$147.36,8363,1232361,153390,"Aug 25, 2021, 04:32 PM",sell
38,"NASDAQ, INC.",Ottersgard Lars,Executive Vice President,"Aug 24, 2021",$191.42,4000,765680,13783,"Aug 25, 2021, 04:31 PM",sell
39,"Childrens Place, Inc.",ELFERS JANE T,President and CEO,"Aug 24, 2021",$102.35,20912,2140343,287185,"Aug 25, 2021, 04:31 PM",sell
40,"Childrens Place, Inc.",ELFERS JANE T,President and CEO,"Aug 23, 2021",$99.46,34225,3404018,308097,"Aug 25, 2021, 04:31 PM",sell
41,DIODES INC /DEL/,Yu Evan,"SVP, WW Power Products","Aug 23, 2021",$92.50,2778,256965,27062,"Aug 25, 2021, 04:31 PM",sell
42,Twist Bioscience Corp,Banyai William,See Remarks,"Aug 23, 2021",$105.51,20054,2115982,337018,"Aug 25, 2021, 04:30 PM",sell
43,"Praxis Precision Medicines, Inc.",BSOF Parallel Master Fund L.P.,10% Owner,"Aug 23, 2021",$19.00,352396,6696326,447317,"Aug 25, 2021, 04:30 PM",sell
44,"Vertex, Inc.",Stamm John Richard,Director,"Aug 19, 2021",$19.17,8678,166392,43028,"Aug 25, 2021, 04:30 PM",sell
45,"ADVANCED DRAINAGE SYSTEMS, INC.",MAKOWSKI TIM A,See Remarks,"Aug 23, 2021",$116.24,2000,232489,7353,"Aug 25, 2021, 04:30 PM",sell
46,"ADVANCED DRAINAGE SYSTEMS, INC.",HARVEY DARIN S.,"EVP, Supply Chain & Logistics","Aug 24, 2021",$117.20,2200,257844,10859,"Aug 25, 2021, 04:30 PM",sell
47,DIODES INC /DEL/,Yang Emily,SVP Worldwide Sales/Marketing,"Aug 23, 2021",$92.30,2126,196236,38890,"Aug 25, 2021, 04:29 PM",sell
48,OLD REPUBLIC INTERNATIONAL CORP,GRAY WILLIAM T,Senior VP & Treasurer,"Aug 24, 2021",$26.42,16625,439301,22155,"Aug 25, 2021, 04:28 PM",sell
49,DIODES INC /DEL/,Tang Francis,"SVP, WW Discrete Products","Aug 23, 2021",$91.94,5146,473109,50956,"Aug 25, 2021, 04:28 PM",sell
50,DIODES INC /DEL/,Tang Francis,"SVP, WW Discrete Products","Aug 24, 2021",$93.42,6000,560550,42080,"Aug 25, 2021, 04:28 PM",sell
51,UNITEDHEALTH GROUP INC,HEMSLEY STEPHEN J,Director,"Aug 23, 2021",$426.30,70000,29841153,621560,"Aug 25, 2021, 04:28 PM",sell
52,HARVARD BIOSCIENCE INC,Green James W,Chief Executive Officer,"Aug 23, 2021",$8.02,48175,386364,2091725,"Aug 25, 2021, 04:24 PM",sell
53,Chubb Ltd,GREENBERG EVAN G,Chairman & CEO,"Aug 24, 2021",$185.91,45433,8446449,733282,"Aug 25, 2021, 04:22 PM",sell
54,Chubb Ltd,GREENBERG EVAN G,Chairman & CEO,"Aug 23, 2021",$186.22,70109,13055861,733483,"Aug 25, 2021, 04:22 PM",sell
55,"Q2 Holdings, Inc.",Offerdahl James,Director,"Aug 23, 2021",$81.95,500,40975,10053,"Aug 25, 2021, 04:20 PM",sell
56,"Moderna, Inc.",Hoge Stephen,President,"Aug 23, 2021",$398.85,15000,5982763,1624297,"Aug 25, 2021, 04:20 PM",sell
57,"Moderna, Inc.",Hoge Stephen,President,"Aug 24, 2021",$403.98,5000,2019900,1609597,"Aug 25, 2021, 04:20 PM",sell
58,AMERICAN TOWER CORP /MA/,SHARBUTT DAVID E,Director,"Aug 23, 2021",$290.00,2400,696000,1644,"Aug 25, 2021, 04:19 PM",sell
59,SPS COMMERCE INC,Nelson Kimberly K.,EVP & CFO,"Aug 23, 2021",$126.23,38416,4849364,143742,"Aug 25, 2021, 04:17 PM",sell
60,"Western New England Bancorp, Inc.",Libiszewski Darlene M,"SVP, Chief Information Officer","Aug 24, 2021",$8.75,2722,23818,9670,"Aug 25, 2021, 04:17 PM",sell
61,"Medpace Holdings, Inc.","Medpace Investors, LLC",10% Owner,"Aug 24, 2021",$180.06,1814,326629,6047183,"Aug 25, 2021, 04:16 PM",sell
62,"Medpace Holdings, Inc.","Medpace Investors, LLC",10% Owner,"Aug 23, 2021",$180.22,1482,267086,6048997,"Aug 25, 2021, 04:16 PM",sell
63,"Medpace Holdings, Inc.",Troendle August J.,CEO,"Aug 24, 2021",$180.06,1814,326629,6047183,"Aug 25, 2021, 04:16 PM",sell
64,"Medpace Holdings, Inc.",Troendle August J.,CEO,"Aug 23, 2021",$180.22,1482,267086,6048997,"Aug 25, 2021, 04:16 PM",sell
65,TE Connectivity Ltd.,MERKT STEVEN T,"President, Transportation Sol.","Aug 24, 2021",$151.09,52280,7898985,40122,"Aug 25, 2021, 04:15 PM",sell
66,HAEMONETICS CORP,Burke William P. Mr.,"EVP, Chief Financial Officer","Aug 23, 2021",$60.51,22667,1371580,30291,"Aug 25, 2021, 04:15 PM",sell
67,"Paycom Software, Inc.",Evans Jon,Chief Operating Officer,"Aug 23, 2021",$475.88,2200,1046927,16916,"Aug 25, 2021, 04:15 PM",sell
68,"Intellia Therapeutics, Inc.",LEONARD JOHN M,President and CEO,"Aug 23, 2021",$152.01,27139,4125416,727570,"Aug 25, 2021, 04:14 PM",sell
69,CASTLE BIOSCIENCES INC,MAETZOLD DEREK J,Pres. & Chief Exec. Officer,"Aug 23, 2021",$70.57,2500,176432,156699,"Aug 25, 2021, 04:13 PM",sell
70,CASTLE BIOSCIENCES INC,MAETZOLD DEREK J,Pres. & Chief Exec. Officer,"Aug 23, 2021",$70.57,2500,176432,169300,"Aug 25, 2021, 04:13 PM",sell
71,CASTLE BIOSCIENCES INC,MAETZOLD DEREK J,Pres. & Chief Exec. Officer,"Aug 23, 2021",$70.57,2500,176432,146461,"Aug 25, 2021, 04:13 PM",sell
72,"Rapid7, Inc.",Kalowski Jeffrey,Chief Financial Officer,"Aug 23, 2021",$112.69,40100,4518760,214112,"Aug 25, 2021, 04:13 PM",sell
73,"GoodRx Holdings, Inc.",Slutsky Andrew,"President, Consumer","Aug 23, 2021",$33.33,20000,666622,3093035,"Aug 25, 2021, 04:10 PM",sell
74,ESCALADE INC,Williams Edward E,Director,"Aug 24, 2021",$23.11,125000,2888800,289487,"Aug 25, 2021, 04:09 PM",sell
75,"Keysight Technologies, Inc.",Estrada Ingrid A,SVP,"Aug 23, 2021",$169.49,2000,338980,86626,"Aug 25, 2021, 04:09 PM",sell
76,ADVANCED MICRO DEVICES INC,Norrod Forrest Eugene,SVP & GM DESG,"Aug 23, 2021",$106.68,38875,4147122,341239,"Aug 25, 2021, 04:08 PM",sell
77,Paylocity Holding Corp,Sarowitz Steven I,Director,"Aug 23, 2021",$256.40,22704,5821372,12214932,"Aug 25, 2021, 04:06 PM",sell
78,Generation Bio Co.,Stanton Matthew,CHIEF SCIENTIFIC OFFICER,"Aug 23, 2021",$25.04,1500,37560,198154,"Aug 25, 2021, 04:05 PM",sell
79,"Semler Scientific, Inc.",Murphy-Chutorian Douglas,Chief Executive Officer,"Aug 23, 2021",$107.30,1250,134127,35422,"Aug 25, 2021, 04:04 PM",sell
80,"Interactive Brokers Group, Inc.",Frank Thomas AJ,Chief Information Officer,"Aug 24, 2021",$62.80,18573,1166384,2045964,"Aug 25, 2021, 04:02 PM",sell
81,"Interactive Brokers Group, Inc.",Frank Thomas AJ,Chief Information Officer,"Aug 23, 2021",$62.38,18573,1158584,2064537,"Aug 25, 2021, 04:02 PM",sell
82,CERNER Corp,Devers Daniel,EVP & Chief Legal Officer,"Aug 24, 2021",$77.45,9000,697050,2723,"Aug 25, 2021, 04:02 PM",sell
83,"Interactive Brokers Group, Inc.",Peterffy Thomas,Chairman,"Aug 24, 2021",$62.77,20000,1255400,6267511,"Aug 25, 2021, 04:02 PM",sell
84,"Interactive Brokers Group, Inc.",Peterffy Thomas,Chairman,"Aug 23, 2021",$62.39,20000,1247800,6287511,"Aug 25, 2021, 04:02 PM",sell
85,ARROW ELECTRONICS INC,Melvin Vincent P,Chief Information Officer,"Aug 24, 2021",$119.34,9672,1154295,21612,"Aug 25, 2021, 04:00 PM",sell
86,SANFILIPPO JOHN B & SON INC,Taaffe Ellen,Director,"Aug 24, 2021",$87.67,1717,150536,10078,"Aug 25, 2021, 03:41 PM",sell
87,CHOICE HOTELS INTERNATIONAL INC /DE,Dragisich Dominic,Chief Financial Officer,"Aug 24, 2021",$117.50,2926,343805,25976,"Aug 25, 2021, 03:32 PM",sell
88,SHERWIN WILLIAMS CO,GARCEAU MARY L,"SVP, Gen. Counsel & Secretary","Aug 23, 2021",$306.33,2589,793088,8670,"Aug 25, 2021, 03:29 PM",sell
89,ACNB CORP,Sites David L,Director,"Aug 23, 2021",$29.00,500,14500,33342,"Aug 25, 2021, 03:04 PM",sell
90,ACNB CORP,Newell Donna M,Director,"Aug 23, 2021",$28.31,340,9624,7663,"Aug 25, 2021, 03:00 PM",sell
91,ACNB CORP,Newell Donna M,Director,"Aug 23, 2021",$28.17,253,7128,53,"Aug 25, 2021, 03:00 PM",sell
92,BANK OF HAWAII CORP,Sellers Mary E,Vice Chair & CRO,"Aug 23, 2021",$85.44,5000,427200,95972,"Aug 25, 2021, 02:55 PM",sell
93,VICOR CORP,VINCIARELLI PATRIZIO,Chairman and CEO,"Aug 24, 2021",$123.50,20000,2470000,9716741,"Aug 25, 2021, 02:18 PM",sell
94,CACI INTERNATIONAL INC /DE/,Johnson Gregory G,Director,"Aug 23, 2021",$260.00,300,78000,5512,"Aug 25, 2021, 02:07 PM",sell
95,BOTTOMLINE TECHNOLOGIES INC,EBERLE ROBERT A,President & CEO,"Aug 25, 2021",$41.89,4000,167560,471589,"Aug 25, 2021, 01:48 PM",sell
96,BOTTOMLINE TECHNOLOGIES INC,EBERLE ROBERT A,President & CEO,"Aug 24, 2021",$41.50,4000,166000,475589,"Aug 25, 2021, 01:48 PM",sell
97,BOTTOMLINE TECHNOLOGIES INC,EBERLE ROBERT A,President & CEO,"Aug 23, 2021",$41.40,1397,57832,479589,"Aug 25, 2021, 01:48 PM",sell
98,BOTTOMLINE TECHNOLOGIES INC,Kelly John Francis,"GM, Legal Solutions","Aug 23, 2021",$41.40,959,39700,50415,"Aug 25, 2021, 01:35 PM",sell
99,BOTTOMLINE TECHNOLOGIES INC,SAVORY NIGEL K,Managing Director Europe,"Aug 23, 2021",$41.40,1479,61226,161544,"Aug 25, 2021, 01:28 PM",sell
100,RITCHIE BROS AUCTIONEERS INC,JETER JAMES J,"President, Sales U.S.","Aug 24, 2021",$62.07,3400,211038,18773,"Aug 25, 2021, 01:26 PM",sell
