,Symbol,Owner,Relationship,Date,Cost,# Shares,Value($),Total Shares,Filing,Type
1,THRY,"Mudrick Capital Management, L.P.",Director,"Aug 24, 2021",$31.01,165000,5116464,12306941,"Aug 25, 2021, 09:28 PM",buy
2,THRY,"Mudrick Capital Management, L.P.",Director,"Aug 23, 2021",$30.54,170000,5191800,12470111,"Aug 25, 2021, 09:28 PM",buy
3,ANET,Ullal Jayshree,President and CEO,"Aug 24, 2021",$371.72,6604,2454839,2045498,"Aug 25, 2021, 09:22 PM",buy
4,ANET,Ullal Jayshree,President and CEO,"Aug 24, 2021",$371.72,2647,983943,555000,"Aug 25, 2021, 09:22 PM",buy
5,ANET,Ullal Jayshree,President and CEO,"Aug 23, 2021",$371.72,21,7806,2052102,"Aug 25, 2021, 09:22 PM",buy
6,ANET,Ullal Jayshree,President and CEO,"Aug 23, 2021",$371.72,9,3345,557647,"Aug 25, 2021, 09:22 PM",buy
7,ANET,Ullal Jayshree,President and CEO,"Aug 24, 2021",$371.72,2647,983943,555000,"Aug 25, 2021, 09:22 PM",buy
8,ANET,Ullal Jayshree,President and CEO,"Aug 23, 2021",$371.72,9,3345,557647,"Aug 25, 2021, 09:22 PM",buy
9,ANET,BECHTOLSHEIM ANDREAS,Chief Development Officer,"Aug 24, 2021",$374.37,25000,9359284,12426453,"Aug 25, 2021, 09:22 PM",buy
10,ANET,BECHTOLSHEIM ANDREAS,Chief Development Officer,"Aug 23, 2021",$369.33,25000,9233178,12450452,"Aug 25, 2021, 09:22 PM",buy
11,ANET,BECHTOLSHEIM ANDREAS,Chief Development Officer,"Aug 24, 2021",$374.35,25000,9358867,45067,"Aug 25, 2021, 09:22 PM",buy
12,ANET,BECHTOLSHEIM ANDREAS,Chief Development Officer,"Aug 23, 2021",$369.34,25000,9233397,44062,"Aug 25, 2021, 09:22 PM",buy
13,AMTI,Kim Helen Susan,Director,"Aug 24, 2021",$30.03,508,15255,599495,"Aug 25, 2021, 09:07 PM",buy
14,AMTI,Kim Helen Susan,Director,"Aug 25, 2021",$30.08,9478,285075,590014,"Aug 25, 2021, 09:07 PM",buy
15,FN,Archer Edward T.,"EVP, Sales & Marketing","Aug 19, 2021",$99.85,11450,1143229,30674,"Aug 25, 2021, 09:07 PM",buy
16,ALGN,Thaler Warren S,Director,"Aug 24, 2021",$711.54,5000,3557723,54692,"Aug 25, 2021, 09:02 PM",buy
17,RBLX,Tolley Brett,Principal Accounting Officer,"Aug 23, 2021",$83.36,1351,112616,34349,"Aug 25, 2021, 08:59 PM",buy
18,RBLX,Sturman Daniel,Chief Technology Officer,"Aug 25, 2021",$90.00,16668,1500120,58736,"Aug 25, 2021, 08:58 PM",buy
19,RBLX,Guthrie Michael,Chief Financial Officer,"Aug 23, 2021",$83.36,4890,407616,88384,"Aug 25, 2021, 08:57 PM",buy
20,RBLX,Donato Craig,Chief Business Officer,"Aug 23, 2021",$85.00,30000,2550018,365000,"Aug 25, 2021, 08:56 PM",buy
21,RBLX,Donato Craig,Chief Business Officer,"Aug 23, 2021",$84.62,32574,2756375,1455367,"Aug 25, 2021, 08:56 PM",buy
22,RBLX,Donato Craig,Chief Business Officer,"Aug 24, 2021",$88.21,5702,502958,1442091,"Aug 25, 2021, 08:56 PM",buy
23,RBLX,Bronstein Manuel,Chief Product Officer,"Aug 23, 2021",$83.36,35034,2920335,838425,"Aug 25, 2021, 08:54 PM",buy
24,RBLX,Bronstein Manuel,Chief Product Officer,"Aug 25, 2021",$90.00,1790,161100,789906,"Aug 25, 2021, 08:54 PM",buy
25,RBLX,Bronstein Manuel,Chief Product Officer,"Aug 24, 2021",$88.44,23270,2057981,792682,"Aug 25, 2021, 08:54 PM",buy
26,WVVI,BERNAU JAMES W,Chief Executive Officer,"Aug 25, 2021",$12.75,249,3175,386171,"Aug 25, 2021, 08:45 PM",buy
27,WVVI,BERNAU JAMES W,Chief Executive Officer,"Aug 23, 2021",$12.75,2053,26176,386420,"Aug 25, 2021, 08:45 PM",buy
28,RPTX,ORBIMED ADVISORS LLC,Director,"Aug 25, 2021",$34.34,7082,243196,3239178,"Aug 25, 2021, 08:43 PM",buy
29,RPTX,ORBIMED ADVISORS LLC,Director,"Aug 24, 2021",$34.07,4039,137609,3246052,"Aug 25, 2021, 08:43 PM",buy
30,RPTX,ORBIMED ADVISORS LLC,Director,"Aug 23, 2021",$34.06,7094,241622,3249972,"Aug 25, 2021, 08:43 PM",buy
31,TXG,Kosaraju Sridhar,Director,"Aug 23, 2021",$162.06,1500,243088,10300,"Aug 25, 2021, 08:39 PM",buy
32,TXG,Saxonov Serge,Chief Executive Officer,"Aug 23, 2021",$161.85,742,120091,903326,"Aug 25, 2021, 08:38 PM",buy
33,TXG,McAnear Justin J.,Chief Financial Officer,"Aug 23, 2021",$161.85,270,43699,39100,"Aug 25, 2021, 08:37 PM",buy
34,TXG,Hindson Benjamin J.,See Remarks,"Aug 23, 2021",$161.85,337,54543,47117,"Aug 25, 2021, 08:37 PM",buy
35,RPTX,Bonita David P,Director,"Aug 25, 2021",$34.34,7082,243196,3239178,"Aug 25, 2021, 08:36 PM",buy
36,RPTX,Bonita David P,Director,"Aug 24, 2021",$34.07,4039,137609,3246052,"Aug 25, 2021, 08:36 PM",buy
37,RPTX,Bonita David P,Director,"Aug 23, 2021",$34.06,7094,241622,3249972,"Aug 25, 2021, 08:36 PM",buy
38,TXG,CRUTCHFIELD BRADFORD,Chief Commercial Officer,"Aug 23, 2021",$161.85,270,43699,43336,"Aug 25, 2021, 08:36 PM",buy
39,MYGN,LANCHBURY JERRY S,Chief Scientific Officer,"Aug 24, 2021",$35.57,30000,1067100,232550,"Aug 25, 2021, 08:32 PM",buy
40,MYGN,LANCHBURY JERRY S,Chief Scientific Officer,"Aug 23, 2021",$35.17,50000,1758500,232550,"Aug 25, 2021, 08:32 PM",buy
41,KTOS,Mendoza Marie,SVP & General Counsel,"Aug 23, 2021",$22.34,1050,23457,28070,"Aug 25, 2021, 08:27 PM",buy
42,PMVP,Schroeder Thilo,Director,"Aug 24, 2021",$31.08,14490,450349,1599479,"Aug 25, 2021, 08:25 PM",buy
43,PMVP,Schroeder Thilo,Director,"Aug 23, 2021",$30.67,23838,731153,1614669,"Aug 25, 2021, 08:25 PM",buy
44,PMVP,Schroeder Thilo,Director,"Aug 25, 2021",$31.01,13526,419441,1585953,"Aug 25, 2021, 08:25 PM",buy
45,RPTX,Bonita David P,Director,"Aug 17, 2021",$34.12,17398,593620,3259439,"Aug 25, 2021, 08:25 PM",buy
46,RPTX,Bonita David P,Director,"Aug 18, 2021",$33.99,2930,99591,3256857,"Aug 25, 2021, 08:25 PM",buy
47,SKT,WARREN CARRIE A,"EVP, Chief Marketing Officer","Aug 25, 2021",$17.00,1500,25500,53041,"Aug 25, 2021, 08:24 PM",buy
48,SKT,WARREN CARRIE A,"EVP, Chief Marketing Officer","Aug 23, 2021",$16.72,1000,16720,54541,"Aug 25, 2021, 08:24 PM",buy
49,FB,Zuckerberg Mark,COB and CEO,"Aug 25, 2021",$368.42,6300,2321057,5920,"Aug 25, 2021, 08:21 PM",buy
50,FB,Zuckerberg Mark,COB and CEO,"Aug 25, 2021",$368.42,15000,5526375,1299996,"Aug 25, 2021, 08:21 PM",buy
51,FB,Zuckerberg Mark,COB and CEO,"Aug 25, 2021",$368.47,56000,20634074,53685,"Aug 25, 2021, 08:21 PM",buy
52,KTOS,Lund Deanna H,EVP & CFO,"Aug 23, 2021",$22.21,11500,255470,227282,"Aug 25, 2021, 08:21 PM",buy
53,FB,Zuckerberg Mark,COB and CEO,"Aug 24, 2021",$365.85,15000,5487711,1314633,"Aug 25, 2021, 08:18 PM",buy
54,FB,Zuckerberg Mark,COB and CEO,"Aug 24, 2021",$365.83,56000,20486741,54649,"Aug 25, 2021, 08:18 PM",buy
55,FB,Zuckerberg Mark,COB and CEO,"Aug 24, 2021",$365.85,6300,2304862,5947,"Aug 25, 2021, 08:18 PM",buy
56,FB,Zuckerberg Mark,COB and CEO,"Aug 23, 2021",$363.75,6300,2291642,6204,"Aug 25, 2021, 08:14 PM",buy
57,FB,Zuckerberg Mark,COB and CEO,"Aug 23, 2021",$363.76,15000,5456358,1330616,"Aug 25, 2021, 08:14 PM",buy
58,FB,Zuckerberg Mark,COB and CEO,"Aug 23, 2021",$363.72,56000,20368051,54512,"Aug 25, 2021, 08:14 PM",buy
59,KTOS,DEMARCO ERIC M,President & CEO,"Aug 23, 2021",$22.41,10000,224104,356040,"Aug 25, 2021, 08:13 PM",buy
60,CVNA,GARCIA ERNEST C. II,10% Owner,"Aug 23, 2021",$357.13,40767,14559181,0,"Aug 25, 2021, 08:12 PM",buy
61,DCOM,"BASSWOOD CAPITAL MANAGEMENT, L.L.C.",10% Owner,"Aug 25, 2021",$33.65,12682,426749,177858,"Aug 25, 2021, 08:08 PM",buy
62,DCOM,"BASSWOOD CAPITAL MANAGEMENT, L.L.C.",10% Owner,"Aug 24, 2021",$33.25,14132,469889,2796054,"Aug 25, 2021, 08:08 PM",buy
63,DCOM,"BASSWOOD CAPITAL MANAGEMENT, L.L.C.",10% Owner,"Aug 23, 2021",$33.10,100000,3310000,2802254,"Aug 25, 2021, 08:08 PM",buy
64,PINS,Yang Tseli Lily,Chief Accounting Officer,"Aug 23, 2021",$54.43,2823,153649,59258,"Aug 25, 2021, 08:07 PM",buy
65,BLFS,Mathew Aby J.,Exec VP & Chief Scientific Off,"Aug 25, 2021",$53.12,10000,531200,209589,"Aug 25, 2021, 08:05 PM",buy
66,BLFS,Mathew Aby J.,Exec VP & Chief Scientific Off,"Aug 23, 2021",$46.54,10000,465400,209589,"Aug 25, 2021, 08:05 PM",buy
67,ITOS,Detheux Michel,Chief Executive Officer,"Aug 25, 2021",$28.00,861,24109,140352,"Aug 25, 2021, 08:04 PM",buy
68,ITOS,Detheux Michel,Chief Executive Officer,"Aug 24, 2021",$28.26,225,6359,141213,"Aug 25, 2021, 08:04 PM",buy
69,ITOS,Detheux Michel,Chief Executive Officer,"Aug 23, 2021",$28.06,7499,210422,141438,"Aug 25, 2021, 08:04 PM",buy
70,BLFS,Foster Karen A.,Chief Quality Officer,"Aug 23, 2021",$46.54,16332,760091,72777,"Aug 25, 2021, 08:03 PM",buy
71,NETE,Wolberg Steven,Chief Legal Officer,"Aug 25, 2021",$11.03,4000,44137,101684,"Aug 25, 2021, 07:54 PM",buy
72,NETE,Wolberg Steven,Chief Legal Officer,"Aug 24, 2021",$11.20,41919,469409,105684,"Aug 25, 2021, 07:54 PM",buy
73,MGM,HERMAN ALEXIS,Director,"Aug 25, 2021",$41.94,2500,104862,14644,"Aug 25, 2021, 07:50 PM",buy
74,GTYH,Ross Craig,CRO OF GTY AND CEO OF QUESTICA,"Aug 25, 2021",$7.30,6839,49925,282454,"Aug 25, 2021, 07:47 PM",buy
75,GTYH,Ross Craig,CRO OF GTY AND CEO OF QUESTICA,"Aug 24, 2021",$7.30,3527,25747,289293,"Aug 25, 2021, 07:47 PM",buy
76,GTYH,Ross Craig,CRO OF GTY AND CEO OF QUESTICA,"Aug 25, 2021",$7.26,21454,155777,261000,"Aug 25, 2021, 07:47 PM",buy
77,CGEM,UBS Oncology Impact Fund L.P.,10% Owner,"Aug 24, 2021",$29.48,50822,1498233,7807196,"Aug 25, 2021, 07:42 PM",buy
78,CGEM,UBS Oncology Impact Fund L.P.,10% Owner,"Aug 23, 2021",$29.11,53359,1553281,7858018,"Aug 25, 2021, 07:42 PM",buy
79,CGEM,UBS Oncology Impact Fund L.P.,10% Owner,"Aug 25, 2021",$29.09,1713,49831,7805483,"Aug 25, 2021, 07:42 PM",buy
80,CGEM,GADICKE ANSBERT,Director,"Aug 23, 2021",$29.11,7376,214715,273545,"Aug 25, 2021, 07:41 PM",buy
81,CGEM,GADICKE ANSBERT,Director,"Aug 24, 2021",$29.48,50882,1500001,7807196,"Aug 25, 2021, 07:41 PM",buy
82,CGEM,GADICKE ANSBERT,Director,"Aug 24, 2021",$29.48,7025,207097,266520,"Aug 25, 2021, 07:41 PM",buy
83,CGEM,GADICKE ANSBERT,Director,"Aug 25, 2021",$29.09,1713,49831,7805483,"Aug 25, 2021, 07:41 PM",buy
84,CGEM,GADICKE ANSBERT,Director,"Aug 23, 2021",$29.11,53359,1553281,7858018,"Aug 25, 2021, 07:41 PM",buy
85,CGEM,GADICKE ANSBERT,Director,"Aug 25, 2021",$29.09,237,6894,266283,"Aug 25, 2021, 07:41 PM",buy
86,MRAM,Aggarwal Sanjeev,"CTO & VP, Technology R&D","Aug 24, 2021",$5.85,200,1170,45927,"Aug 25, 2021, 07:38 PM",buy
87,DVAX,Novack David F,President & COO,"Aug 24, 2021",$14.00,10000,140000,104066,"Aug 25, 2021, 07:35 PM",buy
88,COUR,Wong Chun Yu,See Remarks,"Aug 23, 2021",$36.01,57000,2052578,594372,"Aug 25, 2021, 07:34 PM",buy
89,KNBE,Venkataraman Shrikrishna,Co-President & CFO,"Aug 25, 2021",$22.79,52699,1201216,221765,"Aug 25, 2021, 07:33 PM",buy
90,KNBE,Venkataraman Shrikrishna,Co-President & CFO,"Aug 24, 2021",$22.53,21960,494695,275413,"Aug 25, 2021, 07:33 PM",buy
91,KNBE,Venkataraman Shrikrishna,Co-President & CFO,"Aug 23, 2021",$22.19,18287,405752,296424,"Aug 25, 2021, 07:33 PM",buy
92,KNBE,Sjouwerman Sjoerd,Chief Executive Officer,"Aug 24, 2021",$22.56,11793,266064,100,"Aug 25, 2021, 07:32 PM",buy
93,KNBE,Sjouwerman Sjoerd,Chief Executive Officer,"Aug 23, 2021",$22.19,18207,404090,0,"Aug 25, 2021, 07:32 PM",buy
94,CSCO,Robbins Charles,Chair and CEO,"Aug 25, 2021",$59.69,6543,390572,587380,"Aug 25, 2021, 07:32 PM",buy
95,DVAX,Burgess Justin,Principal Accounting Officer,"Aug 24, 2021",$15.00,5768,86520,3721,"Aug 25, 2021, 07:32 PM",buy
96,KNBE,Letonoff Lars,See remarks,"Aug 23, 2021",$22.18,18267,405213,0,"Aug 25, 2021, 07:31 PM",buy
97,KNBE,Letonoff Lars,See remarks,"Aug 25, 2021",$22.77,22183,505074,0,"Aug 25, 2021, 07:31 PM",buy
98,KNBE,Letonoff Lars,See remarks,"Aug 24, 2021",$22.53,21823,491618,3427,"Aug 25, 2021, 07:31 PM",buy
99,CSCO,Martinez Maria,EVP & Chief Operating Officer,"Aug 24, 2021",$59.01,44000,2596541,204881,"Aug 25, 2021, 07:31 PM",buy
100,CSCO,Martinez Maria,EVP & Chief Operating Officer,"Aug 23, 2021",$58.52,4000,234063,248881,"Aug 25, 2021, 07:31 PM",buy
1,ONTF,FEDERMAN IRWIN,Director,"Aug 24, 2021",$22.13,312,6905,0,"Aug 25, 2021, 07:30 PM",buy
2,ONTF,FEDERMAN IRWIN,Director,"Aug 24, 2021",$22.13,15625,345781,29880,"Aug 25, 2021, 07:30 PM",buy
3,ONTF,FEDERMAN IRWIN,Director,"Aug 24, 2021",$22.13,15625,345781,29880,"Aug 25, 2021, 07:30 PM",buy
4,CSCO,Elliott Geraldine,EVP & Chief Cust & Prtnr Offcr,"Aug 25, 2021",$59.40,50000,2969805,266791,"Aug 25, 2021, 07:29 PM",buy
5,CSCO,BHATT PRAT,SVP & Chief Acctg Officer,"Aug 23, 2021",$58.40,3518,205454,94436,"Aug 25, 2021, 07:27 PM",buy
6,TWTR,Montano Michael,Engineering Lead,"Aug 23, 2021",$63.21,4500,284445,587337,"Aug 25, 2021, 07:13 PM",buy
7,ROKU,Rosenberg Scott A.,"GM, Sr. VP Platform Business","Aug 23, 2021",$354.72,7500,2660400,15121,"Aug 25, 2021, 07:06 PM",buy
8,CRM,Benioff Marc,Chair of the Board & CEO,"Aug 24, 2021",$260.77,20000,5215309,29001448,"Aug 25, 2021, 07:05 PM",buy
9,SCHW,Schwab Charles R.,Chairman,"Aug 25, 2021",$74.49,70000,5213999,84167222,"Aug 25, 2021, 07:04 PM",buy
10,GSHD,Colby Michael C.,President and COO,"Aug 25, 2021",$131.27,5047,662512,89036,"Aug 25, 2021, 07:00 PM",buy
11,GSHD,Colby Michael C.,President and COO,"Aug 24, 2021",$136.24,34727,4731035,105918,"Aug 25, 2021, 07:00 PM",buy
12,GSHD,Colby Michael C.,President and COO,"Aug 23, 2021",$133.40,5832,778004,84863,"Aug 25, 2021, 07:00 PM",buy
13,CRM,Harris Parker,Co-Founder and CTO,"Aug 24, 2021",$260.76,4300,1121283,86046,"Aug 25, 2021, 06:59 PM",buy
14,FIVN,ZWARENSTEIN BARRY,Chief Financial Officer,"Aug 23, 2021",$182.14,1044,190154,99369,"Aug 25, 2021, 06:51 PM",buy
15,MASS,Basarsky Trent A.,"VP, Corporate Development","Aug 25, 2021",$34.95,1600,55920,35000,"Aug 25, 2021, 06:47 PM",buy
16,MASS,Basarsky Trent A.,"VP, Corporate Development","Aug 24, 2021",$34.95,10078,352226,35000,"Aug 25, 2021, 06:47 PM",buy
17,MASS,Basarsky Trent A.,"VP, Corporate Development","Aug 23, 2021",$34.11,25319,863640,50435,"Aug 25, 2021, 06:47 PM",buy
18,WMT,WALTON JIM C,10% Owner,"Aug 25, 2021",$148.90,840503,125146744,318423997,"Aug 25, 2021, 06:47 PM",buy
19,WMT,WALTON JIM C,10% Owner,"Aug 24, 2021",$149.28,377976,56425558,319066027,"Aug 25, 2021, 06:47 PM",buy
20,WMT,WALTON JIM C,10% Owner,"Aug 23, 2021",$150.93,254700,38442841,319420668,"Aug 25, 2021, 06:47 PM",buy
21,SITM,Pangrazio Vincent P,See Remarks,"Aug 24, 2021",$203.30,135,27446,86884,"Aug 25, 2021, 06:45 PM",buy
22,SITM,Pangrazio Vincent P,See Remarks,"Aug 23, 2021",$203.08,3030,615332,87019,"Aug 25, 2021, 06:45 PM",buy
23,WMT,WALTON ALICE L,10% Owner,"Aug 23, 2021",$150.93,254700,38442841,319420668,"Aug 25, 2021, 06:44 PM",buy
24,WMT,WALTON ALICE L,10% Owner,"Aug 25, 2021",$148.90,840503,125146744,318423997,"Aug 25, 2021, 06:44 PM",buy
25,WMT,WALTON ALICE L,10% Owner,"Aug 24, 2021",$149.28,377976,56425558,319066027,"Aug 25, 2021, 06:44 PM",buy
26,MXIM,Imperato Jon,SVP of Sales and Marketing,"Aug 25, 2021",$104.83,2777,291114,60769,"Aug 25, 2021, 06:42 PM",buy
27,WMT,WALTON S ROBSON,Director,"Aug 24, 2021",$149.28,377976,56425558,319066027,"Aug 25, 2021, 06:42 PM",buy
28,WMT,WALTON S ROBSON,Director,"Aug 23, 2021",$150.93,254700,38442841,319420668,"Aug 25, 2021, 06:42 PM",buy
29,WMT,WALTON S ROBSON,Director,"Aug 25, 2021",$148.90,840503,125146744,318423997,"Aug 25, 2021, 06:42 PM",buy
30,EOLS,Malik Vikram,Director,"Aug 23, 2021",$11.00,26077,286722,1143701,"Aug 25, 2021, 06:37 PM",buy
31,MBII,Marrone Pamela G,Director,"Aug 24, 2021",$1.02,24510,25000,2208363,"Aug 25, 2021, 06:37 PM",buy
32,COIN,Jones Jennifer N.,Chief Accounting Officer,"Aug 23, 2021",$263.00,1029,270627,19009,"Aug 25, 2021, 06:31 PM",buy
33,SITM,Bonnot Lionel,See Remarks,"Aug 24, 2021",$199.32,4042,805634,99680,"Aug 25, 2021, 06:30 PM",buy
34,SITM,Bonnot Lionel,See Remarks,"Aug 23, 2021",$203.08,3985,809274,99857,"Aug 25, 2021, 06:30 PM",buy
35,ASAN,Wan Tim M,Chief Financial Officer,"Aug 23, 2021",$75.02,20000,1500316,493852,"Aug 25, 2021, 06:28 PM",buy
36,DNLI,Ho Carole,Chief Medical Officer,"Aug 23, 2021",$48.91,6143,300454,158630,"Aug 25, 2021, 06:26 PM",buy
37,SITM,Sevalia Piyush B,EVP Marketing,"Aug 24, 2021",$204.49,179,36604,100551,"Aug 25, 2021, 06:21 PM",buy
38,SITM,Sevalia Piyush B,EVP Marketing,"Aug 23, 2021",$203.07,4004,813092,100730,"Aug 25, 2021, 06:21 PM",buy
39,PCVX,PICKERING GRANT,Chief Executive Officer,"Aug 23, 2021",$22.73,13669,310722,580323,"Aug 25, 2021, 06:11 PM",buy
40,ABBV,Strom Carrie C,SVP & Pres Global Allerg Aesth,"Aug 23, 2021",$120.00,5057,606840,51047,"Aug 25, 2021, 06:08 PM",buy
41,OSH,PRICE GEOFFREY M,Chief Operating Officer,"Aug 24, 2021",$47.61,50000,2380400,2604070,"Aug 25, 2021, 06:08 PM",buy
42,ABBV,Sorg Elaine K.,"SVP, US Commercial Operations","Aug 23, 2021",$120.00,13080,1569600,11595,"Aug 25, 2021, 06:08 PM",buy
43,SITM,CHADWICK ARTHUR D,"EVP, Chief Financial Officer","Aug 23, 2021",$203.08,4889,992858,88992,"Aug 25, 2021, 06:08 PM",buy
44,SITM,CHADWICK ARTHUR D,"EVP, Chief Financial Officer","Aug 24, 2021",$203.28,218,44315,88774,"Aug 25, 2021, 06:08 PM",buy
45,MDB,McMahon John Dennis,Director,"Aug 23, 2021",$369.83,3000,1109490,12376,"Aug 25, 2021, 06:07 PM",buy
46,MDB,McMahon John Dennis,Director,"Aug 25, 2021",$390.00,1000,390000,12376,"Aug 25, 2021, 06:07 PM",buy
47,BILL,Lacerte Rene A.,President and CEO,"Aug 24, 2021",$219.06,7047,1543700,42122,"Aug 25, 2021, 06:04 PM",buy
48,BILL,Lacerte Rene A.,President and CEO,"Aug 23, 2021",$218.40,17953,3920973,38022,"Aug 25, 2021, 06:04 PM",buy
49,SNFCA,Overbaugh Jason G.,VP/Ntnl Marketing Dir-Life Ins,"Jul 16, 2021",$8.48,2950,25016,104533,"Aug 25, 2021, 06:03 PM",buy
50,SITM,VASHIST RAJESH,Chief Executive Officer,"Aug 24, 2021",$201.56,1182,238244,603892,"Aug 25, 2021, 05:57 PM",buy
51,SITM,VASHIST RAJESH,Chief Executive Officer,"Aug 23, 2021",$201.91,21440,4328950,605074,"Aug 25, 2021, 05:57 PM",buy
52,LITE,Sepe Matthew Joseph,Chief Accounting Officer,"Aug 23, 2021",$86.37,3145,271635,14850,"Aug 25, 2021, 05:56 PM",buy
53,FOLD,Prout Samantha,Principal Accounting Officer,"Aug 23, 2021",$11.00,5045,55495,83170,"Aug 25, 2021, 05:55 PM",buy
54,HALO,BIZZARI JEAN-PIERRE,Director,"Aug 25, 2021",$41.01,35000,1435455,52544,"Aug 25, 2021, 05:54 PM",buy
55,CSL,Roche Robert M.,VP & Chief Financial Officer,"Aug 25, 2021",$210.95,10480,2210716,25487,"Aug 25, 2021, 05:53 PM",buy
56,LITE,LOWE ALAN S,Chief Executive Officer,"Aug 23, 2021",$86.86,9861,856526,130803,"Aug 25, 2021, 05:52 PM",buy
57,IRMD,Susi Roger E.,"President, CEO and Chairman","Aug 24, 2021",$33.59,5000,167974,906050,"Aug 25, 2021, 05:52 PM",buy
58,IRMD,Susi Roger E.,"President, CEO and Chairman","Aug 23, 2021",$33.74,5000,168712,911050,"Aug 25, 2021, 05:52 PM",buy
59,TLS,WOOD EMMETT J.,"EVP, Marketing & Strategy","Aug 24, 2021",$31.29,28682,897460,402680,"Aug 25, 2021, 05:47 PM",buy
60,ZLAB,Reinhart Harald,Chief Medical Officer,"Aug 24, 2021",$143.36,8000,1146880,0,"Aug 25, 2021, 05:47 PM",buy
61,ZLAB,Reinhart Harald,Chief Medical Officer,"Aug 23, 2021",$135.00,8000,1080000,0,"Aug 25, 2021, 05:47 PM",buy
62,BCYC,Kalowski Lee,President and CFO,"Aug 23, 2021",$33.02,7500,247650,0,"Aug 25, 2021, 05:45 PM",buy
63,MCHP,MEYERCORD WADE F,Director,"Aug 24, 2021",$148.83,500,74414,16788,"Aug 25, 2021, 05:45 PM",buy
64,EMKR,JACKSON REX S,Director,"Aug 25, 2021",$7.51,17000,127670,90641,"Aug 25, 2021, 05:44 PM",buy
65,PYPL,Auerbach Jonathan,"EVP,Chief Strategy,Growth & Da","Aug 24, 2021",$278.64,12314,3431208,80922,"Aug 25, 2021, 05:43 PM",buy
66,NXPI,GOLDMAN KENNETH A,Director,"Aug 23, 2021",$210.77,2500,526931,20240,"Aug 25, 2021, 05:40 PM",buy
67,ETWO,Elliott Investment Management L.P.,10% Owner,"Aug 25, 2021",$11.98,171746,2057517,26823871,"Aug 25, 2021, 05:39 PM",buy
68,ETWO,Elliott Investment Management L.P.,10% Owner,"Aug 24, 2021",$11.63,193196,2246870,26995617,"Aug 25, 2021, 05:39 PM",buy
69,ETWO,Elliott Investment Management L.P.,10% Owner,"Aug 23, 2021",$11.03,300000,3309000,27188813,"Aug 25, 2021, 05:39 PM",buy
70,SAFE,ADLER DEAN S,Director,"Aug 23, 2021",$88.57,12130,1074299,222767,"Aug 25, 2021, 05:38 PM",buy
71,SAFE,ADLER DEAN S,Director,"Aug 25, 2021",$88.38,24000,2121156,170267,"Aug 25, 2021, 05:38 PM",buy
72,SAFE,ADLER DEAN S,Director,"Aug 24, 2021",$87.96,28500,2506817,194267,"Aug 25, 2021, 05:38 PM",buy
73,PLBY,Fortress Investment Group LLC,See Remarks,"Aug 24, 2021",$22.83,99220,2264939,2782733,"Aug 25, 2021, 05:37 PM",buy
74,PLBY,Fortress Investment Group LLC,See Remarks,"Aug 23, 2021",$22.56,122623,2766041,2926688,"Aug 25, 2021, 05:37 PM",buy
75,PLBY,Fortress Investment Group LLC,See Remarks,"Aug 25, 2021",$24.51,189482,4644244,2718733,"Aug 25, 2021, 05:37 PM",buy
76,UEIC,ZINSER EDWARD K,Director,"Aug 24, 2021",$50.70,3188,161632,19312,"Aug 25, 2021, 05:36 PM",buy
77,SONM,"B. Riley Financial, Inc.",10% Owner,"Aug 24, 2021",$0.41,1160078,474124,4403765,"Aug 25, 2021, 05:31 PM",buy
78,SONM,"B. Riley Financial, Inc.",10% Owner,"Aug 23, 2021",$0.40,176482,69993,5563843,"Aug 25, 2021, 05:31 PM",buy
79,SONM,"B. Riley Financial, Inc.",10% Owner,"Aug 25, 2021",$0.41,1500000,617700,2903765,"Aug 25, 2021, 05:31 PM",buy
80,BMI,GOMEZ GREGORY M,VP-Flow Instrumentation,"Aug 24, 2021",$105.78,5654,598058,14912,"Aug 25, 2021, 05:28 PM",buy
81,PBPB,Douglas Jeffrey,"SVP, Chief Information Officer","Aug 23, 2021",$6.50,3750,24375,148181,"Aug 25, 2021, 05:27 PM",buy
82,KNX,Fitzsimmons James L,EVP - Operations,"Aug 25, 2021",$50.27,261,13120,0,"Aug 25, 2021, 05:24 PM",buy
83,BYD,SMITH KEITH,President & CEO,"Aug 23, 2021",$57.54,30000,1726269,1226958,"Aug 25, 2021, 05:22 PM",buy
84,CRC,GOLDENTREE ASSET MANAGEMENT LP,10% Owner,"Aug 24, 2021",$30.58,276310,8448628,12843221,"Aug 25, 2021, 05:21 PM",buy
85,CRC,GOLDENTREE ASSET MANAGEMENT LP,10% Owner,"Aug 23, 2021",$30.26,8300,251158,12846949,"Aug 25, 2021, 05:21 PM",buy
86,ALG,ROBINSON RONALD A,Director,"Aug 24, 2021",$150.05,115,17256,176489,"Aug 25, 2021, 05:19 PM",buy
87,ALG,ROBINSON RONALD A,Director,"Aug 25, 2021",$150.47,1568,235936,175006,"Aug 25, 2021, 05:19 PM",buy
88,GSHD,Jones Mark Evan,CEO,"Aug 23, 2021",$136.99,12045,1649995,295406,"Aug 25, 2021, 05:18 PM",buy
89,CLFD,Goepel Patrick,Director,"Aug 24, 2021",$45.08,6103,275123,60424,"Aug 25, 2021, 05:16 PM",buy
90,TECH,Nusse Roeland,Director,"Aug 23, 2021",$481.52,4000,1926065,6765,"Aug 25, 2021, 05:13 PM",buy
91,PLAN,Pinczuk Ana G.,Chief Development Officer,"Aug 23, 2021",$60.13,11554,694733,26461,"Aug 25, 2021, 05:12 PM",buy
92,DDOG,Le-Quoc Alexis,President & CTO,"Aug 23, 2021",$131.26,257520,33801728,167609,"Aug 25, 2021, 05:10 PM",buy
93,MGM,SANDERS COREY IAN,CHIEF OPERATING OFFICER,"Aug 25, 2021",$42.00,20000,840000,339286,"Aug 25, 2021, 05:08 PM",buy
94,MGM,SANDERS COREY IAN,CHIEF OPERATING OFFICER,"Aug 24, 2021",$40.00,10000,400000,359286,"Aug 25, 2021, 05:08 PM",buy
95,GBL,"Associated Capital Group, Inc.",10% Owner,"Aug 24, 2021",$27.90,2000,55795,1682201,"Aug 25, 2021, 05:07 PM",buy
96,IT,Dawkins Alwyn,"EVP, Global Business Sales","Aug 23, 2021",$304.71,1700,518007,34369,"Aug 25, 2021, 05:05 PM",buy
97,CRCT,Blackwell Len,Director,"Aug 24, 2021",$28.72,10000,287224,345000,"Aug 25, 2021, 05:05 PM",buy
98,CRCT,Blackwell Len,Director,"Aug 23, 2021",$26.91,10000,269111,355000,"Aug 25, 2021, 05:05 PM",buy
99,ARE,Ryan Daniel J,Co-Chief Investment Officer,"Aug 23, 2021",$206.90,10000,2068966,122405,"Aug 25, 2021, 05:05 PM",buy
100,SQ,Ahuja Amrita,Chief Financial Officer,"Aug 23, 2021",$270.75,4994,1352143,147538,"Aug 25, 2021, 05:02 PM",buy
1,TRMB,Bisio Ronald,Sr. Vice President,"Aug 23, 2021",$92.28,3500,322987,36295,"Aug 25, 2021, 05:00 PM",buy
2,VIR,Virgin Herbert,"EVP, Research & CSO","Aug 24, 2021",$48.00,1375,66000,99700,"Aug 25, 2021, 05:00 PM",buy
3,DXCM,Pacelli Steven Robert,"Managing Dir., Dexcom Ventures","Aug 23, 2021",$516.40,1078,556678,49907,"Aug 25, 2021, 04:59 PM",buy
4,VEEV,Wallach Matthew J,Director,"Aug 23, 2021",$322.25,5000,1611267,2872,"Aug 25, 2021, 04:50 PM",buy
5,SNPS,Kankanwadi Sudhindra,"Senior VP, Finance & CAO","Aug 24, 2021",$322.87,3000,968610,11165,"Aug 25, 2021, 04:46 PM",buy
6,SNPS,Kankanwadi Sudhindra,"Senior VP, Finance & CAO","Aug 23, 2021",$320.58,3325,1065912,11165,"Aug 25, 2021, 04:46 PM",buy
7,BJ,Werner William C.,"EVP, Strategy & Development","Aug 23, 2021",$55.30,36132,1998131,58316,"Aug 25, 2021, 04:46 PM",buy
8,MSP,ABBOT JOHN,Chief Financial Officer,"Aug 23, 2021",$26.22,9000,235980,0,"Aug 25, 2021, 04:45 PM",buy
9,JCOM,ROSSEN JEREMY,VP/General Counsel,"Aug 24, 2021",$133.00,2717,361351,7784,"Aug 25, 2021, 04:45 PM",buy
10,BJ,Poulliot Brian,"EVP, Enterprise Analytics","Aug 24, 2021",$55.24,4899,270621,115977,"Aug 25, 2021, 04:45 PM",buy
11,BJ,Poulliot Brian,"EVP, Enterprise Analytics","Aug 23, 2021",$56.00,101,5656,115977,"Aug 25, 2021, 04:45 PM",buy
12,SWCH,Borden Teresa A.,Chief Construction Officer,"Aug 23, 2021",$24.02,62471,1500591,525384,"Aug 25, 2021, 04:45 PM",buy
13,FTNT,Jensen Keith,CFO & Chief Accounting Officer,"Aug 24, 2021",$301.31,7992,2408097,6769,"Aug 25, 2021, 04:45 PM",buy
14,ACLS,Bintz William J,"EVP, Product Development","Aug 25, 2021",$49.09,15061,739344,59836,"Aug 25, 2021, 04:44 PM",buy
15,FTNT,Xie Michael,"VP, Engineering & CTO","Aug 24, 2021",$301.27,40000,12050946,5978451,"Aug 25, 2021, 04:43 PM",buy
16,FTNT,Xie Michael,"VP, Engineering & CTO","Aug 24, 2021",$301.26,40000,12050535,3441469,"Aug 25, 2021, 04:43 PM",buy
17,BBY,Bilunas Matthew M,Chief Financial Officer,"Aug 23, 2021",$113.16,819,92677,38886,"Aug 25, 2021, 04:42 PM",buy
18,TECH,BAUMGARTNER ROBERT V,Director,"Aug 23, 2021",$485.55,4000,1942183,13313,"Aug 25, 2021, 04:42 PM",buy
19,CERT,Choe Jieun W.,CHIEF STRATEGY & MARKETING,"Aug 24, 2021",$30.00,7500,225000,322991,"Aug 25, 2021, 04:41 PM",buy
20,PEBK,ABERNETHY CHRISTINE S,10% Owner,"Aug 24, 2021",$28.74,35000,1005900,573027,"Aug 25, 2021, 04:41 PM",buy
21,ILMN,Dadswell Charles,SVP & General Counsel,"Aug 23, 2021",$489.10,314,153577,5286,"Aug 25, 2021, 04:40 PM",buy
22,OPNT,Sinclair Michael,Director,"Aug 25, 2021",$14.69,50269,738452,144070,"Aug 25, 2021, 04:38 PM",buy
23,OPNT,Sinclair Michael,Director,"Aug 24, 2021",$15.71,34607,543676,144070,"Aug 25, 2021, 04:38 PM",buy
24,OPNT,Sinclair Michael,Director,"Aug 23, 2021",$16.50,65124,1074546,144070,"Aug 25, 2021, 04:38 PM",buy
25,ZI,Mironov Jason,Director,"Aug 23, 2021",$62.59,523587,32771468,0,"Aug 25, 2021, 04:38 PM",buy
26,ABMD,MINOGUE MICHAEL R,"Chairman, President, CEO","Aug 23, 2021",$350.00,3492,1222200,211635,"Aug 25, 2021, 04:37 PM",buy
27,ZI,Crockett Todd,Director,"Aug 23, 2021",$62.59,523587,32771468,0,"Aug 25, 2021, 04:37 PM",buy
28,ZI,TA Atlantic & Pacific VII-B L.P.,Director,"Aug 23, 2021",$62.59,523587,32771468,0,"Aug 25, 2021, 04:36 PM",buy
29,ZI,"TA ASSOCIATES, L.P.",Director,"Aug 23, 2021",$62.59,523587,32771468,0,"Aug 25, 2021, 04:36 PM",buy
30,DIOD,LU KEH SHEW,President & CEO,"Aug 24, 2021",$93.25,9000,839250,400671,"Aug 25, 2021, 04:35 PM",buy
31,DIOD,LU KEH SHEW,President & CEO,"Aug 23, 2021",$92.00,12000,1104000,412671,"Aug 25, 2021, 04:35 PM",buy
32,DIOD,LU KEH SHEW,President & CEO,"Aug 24, 2021",$92.51,400,37006,347838,"Aug 25, 2021, 04:35 PM",buy
33,DIOD,LU KEH SHEW,President & CEO,"Aug 23, 2021",$91.50,9000,823500,354038,"Aug 25, 2021, 04:35 PM",buy
34,TPR,Dadlani Manesh,"VP, Controller and PAO","Aug 23, 2021",$42.36,1211,51304,26049,"Aug 25, 2021, 04:34 PM",buy
35,DIOD,Zhao Jin,"VP, Worldwide Analog Products","Aug 24, 2021",$92.30,1230,113529,12789,"Aug 25, 2021, 04:33 PM",buy
36,NOVT,Buckley Robert,Chief Financial Officer,"Aug 23, 2021",$147.36,8363,1232361,153390,"Aug 25, 2021, 04:32 PM",buy
37,NOVT,Buckley Robert,Chief Financial Officer,"Aug 24, 2021",$146.18,8525,1246147,145592,"Aug 25, 2021, 04:32 PM",buy
38,NDAQ,Ottersgard Lars,Executive Vice President,"Aug 24, 2021",$191.42,4000,765680,13783,"Aug 25, 2021, 04:31 PM",buy
39,PLCE,ELFERS JANE T,President and CEO,"Aug 24, 2021",$102.35,20912,2140343,287185,"Aug 25, 2021, 04:31 PM",buy
40,PLCE,ELFERS JANE T,President and CEO,"Aug 23, 2021",$99.46,34225,3404018,308097,"Aug 25, 2021, 04:31 PM",buy
41,DIOD,Yu Evan,"SVP, WW Power Products","Aug 23, 2021",$92.50,2778,256965,27062,"Aug 25, 2021, 04:31 PM",buy
42,TWST,Banyai William,See Remarks,"Aug 23, 2021",$105.51,20054,2115982,337018,"Aug 25, 2021, 04:30 PM",buy
43,PRAX,BSOF Parallel Master Fund L.P.,10% Owner,"Aug 23, 2021",$19.00,352396,6696326,447317,"Aug 25, 2021, 04:30 PM",buy
44,VERX,Stamm John Richard,Director,"Aug 19, 2021",$19.17,8678,166392,43028,"Aug 25, 2021, 04:30 PM",buy
45,WMS,MAKOWSKI TIM A,See Remarks,"Aug 23, 2021",$116.24,2000,232489,7353,"Aug 25, 2021, 04:30 PM",buy
46,WMS,HARVEY DARIN S.,"EVP, Supply Chain & Logistics","Aug 24, 2021",$117.20,2200,257844,10859,"Aug 25, 2021, 04:30 PM",buy
47,DIOD,Yang Emily,SVP Worldwide Sales/Marketing,"Aug 23, 2021",$92.30,2126,196236,38890,"Aug 25, 2021, 04:29 PM",buy
48,ORI,GRAY WILLIAM T,Senior VP & Treasurer,"Aug 24, 2021",$26.42,16625,439301,22155,"Aug 25, 2021, 04:28 PM",buy
49,DIOD,Tang Francis,"SVP, WW Discrete Products","Aug 24, 2021",$93.42,6000,560550,42080,"Aug 25, 2021, 04:28 PM",buy
50,DIOD,Tang Francis,"SVP, WW Discrete Products","Aug 23, 2021",$91.94,5146,473109,50956,"Aug 25, 2021, 04:28 PM",buy
51,UNH,HEMSLEY STEPHEN J,Director,"Aug 23, 2021",$426.30,70000,29841153,621560,"Aug 25, 2021, 04:28 PM",buy
52,HBIO,Green James W,Chief Executive Officer,"Aug 23, 2021",$8.02,48175,386364,2091725,"Aug 25, 2021, 04:24 PM",buy
53,CB,GREENBERG EVAN G,Chairman & CEO,"Aug 24, 2021",$185.91,45433,8446449,733282,"Aug 25, 2021, 04:22 PM",buy
54,CB,GREENBERG EVAN G,Chairman & CEO,"Aug 23, 2021",$186.22,70109,13055861,733483,"Aug 25, 2021, 04:22 PM",buy
55,QTWO,Offerdahl James,Director,"Aug 23, 2021",$81.95,500,40975,10053,"Aug 25, 2021, 04:20 PM",buy
56,MRNA,Hoge Stephen,President,"Aug 23, 2021",$398.85,15000,5982763,1624297,"Aug 25, 2021, 04:20 PM",buy
57,MRNA,Hoge Stephen,President,"Aug 24, 2021",$403.98,5000,2019900,1609597,"Aug 25, 2021, 04:20 PM",buy
58,AMT,SHARBUTT DAVID E,Director,"Aug 23, 2021",$290.00,2400,696000,1644,"Aug 25, 2021, 04:19 PM",buy
59,SPSC,Nelson Kimberly K.,EVP & CFO,"Aug 23, 2021",$126.23,38416,4849364,143742,"Aug 25, 2021, 04:17 PM",buy
60,WNEB,Libiszewski Darlene M,"SVP, Chief Information Officer","Aug 24, 2021",$8.75,2722,23818,9670,"Aug 25, 2021, 04:17 PM",buy
61,MEDP,"Medpace Investors, LLC",10% Owner,"Aug 23, 2021",$180.22,1482,267086,6048997,"Aug 25, 2021, 04:16 PM",buy
62,MEDP,"Medpace Investors, LLC",10% Owner,"Aug 24, 2021",$180.06,1814,326629,6047183,"Aug 25, 2021, 04:16 PM",buy
63,MEDP,Troendle August J.,CEO,"Aug 24, 2021",$180.06,1814,326629,6047183,"Aug 25, 2021, 04:16 PM",buy
64,MEDP,Troendle August J.,CEO,"Aug 23, 2021",$180.22,1482,267086,6048997,"Aug 25, 2021, 04:16 PM",buy
65,HAE,Burke William P. Mr.,"EVP, Chief Financial Officer","Aug 23, 2021",$60.51,22667,1371580,30291,"Aug 25, 2021, 04:15 PM",buy
66,TEL,MERKT STEVEN T,"President, Transportation Sol.","Aug 24, 2021",$151.09,52280,7898985,40122,"Aug 25, 2021, 04:15 PM",buy
67,PAYC,Evans Jon,Chief Operating Officer,"Aug 23, 2021",$475.88,2200,1046927,16916,"Aug 25, 2021, 04:15 PM",buy
68,NTLA,LEONARD JOHN M,President and CEO,"Aug 23, 2021",$152.01,27139,4125416,727570,"Aug 25, 2021, 04:14 PM",buy
69,CSTL,MAETZOLD DEREK J,Pres. & Chief Exec. Officer,"Aug 23, 2021",$70.57,2500,176432,156699,"Aug 25, 2021, 04:13 PM",buy
70,CSTL,MAETZOLD DEREK J,Pres. & Chief Exec. Officer,"Aug 23, 2021",$70.57,2500,176432,169300,"Aug 25, 2021, 04:13 PM",buy
71,CSTL,MAETZOLD DEREK J,Pres. & Chief Exec. Officer,"Aug 23, 2021",$70.57,2500,176432,146461,"Aug 25, 2021, 04:13 PM",buy
72,RPD,Kalowski Jeffrey,Chief Financial Officer,"Aug 23, 2021",$112.69,40100,4518760,214112,"Aug 25, 2021, 04:13 PM",buy
73,GDRX,Slutsky Andrew,"President, Consumer","Aug 23, 2021",$33.33,20000,666622,3093035,"Aug 25, 2021, 04:10 PM",buy
74,ESCA,Williams Edward E,Director,"Aug 24, 2021",$23.11,125000,2888800,289487,"Aug 25, 2021, 04:09 PM",buy
75,KEYS,Estrada Ingrid A,SVP,"Aug 23, 2021",$169.49,2000,338980,86626,"Aug 25, 2021, 04:09 PM",buy
76,AMD,Norrod Forrest Eugene,SVP & GM DESG,"Aug 23, 2021",$106.68,38875,4147122,341239,"Aug 25, 2021, 04:08 PM",buy
77,PCTY,Sarowitz Steven I,Director,"Aug 23, 2021",$256.40,22704,5821372,12214932,"Aug 25, 2021, 04:06 PM",buy
78,GBIO,Stanton Matthew,CHIEF SCIENTIFIC OFFICER,"Aug 23, 2021",$25.04,1500,37560,198154,"Aug 25, 2021, 04:05 PM",buy
79,SMLR,Murphy-Chutorian Douglas,Chief Executive Officer,"Aug 23, 2021",$107.30,1250,134127,35422,"Aug 25, 2021, 04:04 PM",buy
80,IBKR,Frank Thomas AJ,Chief Information Officer,"Aug 24, 2021",$62.80,18573,1166384,2045964,"Aug 25, 2021, 04:02 PM",buy
81,IBKR,Frank Thomas AJ,Chief Information Officer,"Aug 23, 2021",$62.38,18573,1158584,2064537,"Aug 25, 2021, 04:02 PM",buy
82,CERN,Devers Daniel,EVP & Chief Legal Officer,"Aug 24, 2021",$77.45,9000,697050,2723,"Aug 25, 2021, 04:02 PM",buy
83,IBKR,Peterffy Thomas,Chairman,"Aug 24, 2021",$62.77,20000,1255400,6267511,"Aug 25, 2021, 04:02 PM",buy
84,IBKR,Peterffy Thomas,Chairman,"Aug 23, 2021",$62.39,20000,1247800,6287511,"Aug 25, 2021, 04:02 PM",buy
85,ARW,Melvin Vincent P,Chief Information Officer,"Aug 24, 2021",$119.34,9672,1154295,21612,"Aug 25, 2021, 04:00 PM",buy
86,JBSS,Taaffe Ellen,Director,"Aug 24, 2021",$87.67,1717,150536,10078,"Aug 25, 2021, 03:41 PM",buy
87,CHH,Dragisich Dominic,Chief Financial Officer,"Aug 24, 2021",$117.50,2926,343805,25976,"Aug 25, 2021, 03:32 PM",buy
88,SHW,GARCEAU MARY L,"SVP, Gen. Counsel & Secretary","Aug 23, 2021",$306.33,2589,793088,8670,"Aug 25, 2021, 03:29 PM",buy
89,ACNB,Sites David L,Director,"Aug 23, 2021",$29.00,500,14500,33342,"Aug 25, 2021, 03:04 PM",buy
90,ACNB,Newell Donna M,Director,"Aug 23, 2021",$28.31,340,9624,7663,"Aug 25, 2021, 03:00 PM",buy
91,ACNB,Newell Donna M,Director,"Aug 23, 2021",$28.17,253,7128,53,"Aug 25, 2021, 03:00 PM",buy
92,BOH,Sellers Mary E,Vice Chair & CRO,"Aug 23, 2021",$85.44,5000,427200,95972,"Aug 25, 2021, 02:55 PM",buy
93,VICR,VINCIARELLI PATRIZIO,Chairman and CEO,"Aug 24, 2021",$123.50,20000,2470000,9716741,"Aug 25, 2021, 02:18 PM",buy
94,CACI,Johnson Gregory G,Director,"Aug 23, 2021",$260.00,300,78000,5512,"Aug 25, 2021, 02:07 PM",buy
95,EPAY,EBERLE ROBERT A,President & CEO,"Aug 25, 2021",$41.89,4000,167560,471589,"Aug 25, 2021, 01:48 PM",buy
96,EPAY,EBERLE ROBERT A,President & CEO,"Aug 24, 2021",$41.50,4000,166000,475589,"Aug 25, 2021, 01:48 PM",buy
97,EPAY,EBERLE ROBERT A,President & CEO,"Aug 23, 2021",$41.40,1397,57832,479589,"Aug 25, 2021, 01:48 PM",buy
98,EPAY,Kelly John Francis,"GM, Legal Solutions","Aug 23, 2021",$41.40,959,39700,50415,"Aug 25, 2021, 01:35 PM",buy
99,EPAY,SAVORY NIGEL K,Managing Director Europe,"Aug 23, 2021",$41.40,1479,61226,161544,"Aug 25, 2021, 01:28 PM",buy
100,RBA,JETER JAMES J,"President, Sales U.S.","Aug 24, 2021",$62.07,3400,211038,18773,"Aug 25, 2021, 01:26 PM",buy
1,THRY,"Mudrick Capital Management, L.P.",Director,"Aug 24, 2021",$31.01,165000,5116464,12306941,"Aug 25, 2021, 09:28 PM",sell
2,THRY,"Mudrick Capital Management, L.P.",Director,"Aug 23, 2021",$30.54,170000,5191800,12470111,"Aug 25, 2021, 09:28 PM",sell
3,ANET,Ullal Jayshree,President and CEO,"Aug 23, 2021",$371.72,9,3345,557647,"Aug 25, 2021, 09:22 PM",sell
4,ANET,Ullal Jayshree,President and CEO,"Aug 24, 2021",$371.72,6604,2454839,2045498,"Aug 25, 2021, 09:22 PM",sell
5,ANET,Ullal Jayshree,President and CEO,"Aug 24, 2021",$371.72,2647,983943,555000,"Aug 25, 2021, 09:22 PM",sell
6,ANET,Ullal Jayshree,President and CEO,"Aug 23, 2021",$371.72,21,7806,2052102,"Aug 25, 2021, 09:22 PM",sell
7,ANET,Ullal Jayshree,President and CEO,"Aug 23, 2021",$371.72,9,3345,557647,"Aug 25, 2021, 09:22 PM",sell
8,ANET,Ullal Jayshree,President and CEO,"Aug 24, 2021",$371.72,2647,983943,555000,"Aug 25, 2021, 09:22 PM",sell
9,ANET,BECHTOLSHEIM ANDREAS,Chief Development Officer,"Aug 23, 2021",$369.34,25000,9233397,44062,"Aug 25, 2021, 09:22 PM",sell
10,ANET,BECHTOLSHEIM ANDREAS,Chief Development Officer,"Aug 24, 2021",$374.37,25000,9359284,12426453,"Aug 25, 2021, 09:22 PM",sell
11,ANET,BECHTOLSHEIM ANDREAS,Chief Development Officer,"Aug 23, 2021",$369.33,25000,9233178,12450452,"Aug 25, 2021, 09:22 PM",sell
12,ANET,BECHTOLSHEIM ANDREAS,Chief Development Officer,"Aug 24, 2021",$374.35,25000,9358867,45067,"Aug 25, 2021, 09:22 PM",sell
13,AMTI,Kim Helen Susan,Director,"Aug 25, 2021",$30.08,9478,285075,590014,"Aug 25, 2021, 09:07 PM",sell
14,AMTI,Kim Helen Susan,Director,"Aug 24, 2021",$30.03,508,15255,599495,"Aug 25, 2021, 09:07 PM",sell
15,FN,Archer Edward T.,"EVP, Sales & Marketing","Aug 19, 2021",$99.85,11450,1143229,30674,"Aug 25, 2021, 09:07 PM",sell
16,ALGN,Thaler Warren S,Director,"Aug 24, 2021",$711.54,5000,3557723,54692,"Aug 25, 2021, 09:02 PM",sell
17,RBLX,Tolley Brett,Principal Accounting Officer,"Aug 23, 2021",$83.36,1351,112616,34349,"Aug 25, 2021, 08:59 PM",sell
18,RBLX,Sturman Daniel,Chief Technology Officer,"Aug 25, 2021",$90.00,16668,1500120,58736,"Aug 25, 2021, 08:58 PM",sell
19,RBLX,Guthrie Michael,Chief Financial Officer,"Aug 23, 2021",$83.36,4890,407616,88384,"Aug 25, 2021, 08:57 PM",sell
20,RBLX,Donato Craig,Chief Business Officer,"Aug 24, 2021",$88.21,5702,502958,1442091,"Aug 25, 2021, 08:56 PM",sell
21,RBLX,Donato Craig,Chief Business Officer,"Aug 23, 2021",$85.00,30000,2550018,365000,"Aug 25, 2021, 08:56 PM",sell
22,RBLX,Donato Craig,Chief Business Officer,"Aug 23, 2021",$84.62,32574,2756375,1455367,"Aug 25, 2021, 08:56 PM",sell
23,RBLX,Bronstein Manuel,Chief Product Officer,"Aug 24, 2021",$88.44,23270,2057981,792682,"Aug 25, 2021, 08:54 PM",sell
24,RBLX,Bronstein Manuel,Chief Product Officer,"Aug 23, 2021",$83.36,35034,2920335,838425,"Aug 25, 2021, 08:54 PM",sell
25,RBLX,Bronstein Manuel,Chief Product Officer,"Aug 25, 2021",$90.00,1790,161100,789906,"Aug 25, 2021, 08:54 PM",sell
26,WVVI,BERNAU JAMES W,Chief Executive Officer,"Aug 23, 2021",$12.75,2053,26176,386420,"Aug 25, 2021, 08:45 PM",sell
27,WVVI,BERNAU JAMES W,Chief Executive Officer,"Aug 25, 2021",$12.75,249,3175,386171,"Aug 25, 2021, 08:45 PM",sell
28,RPTX,ORBIMED ADVISORS LLC,Director,"Aug 25, 2021",$34.34,7082,243196,3239178,"Aug 25, 2021, 08:43 PM",sell
29,RPTX,ORBIMED ADVISORS LLC,Director,"Aug 24, 2021",$34.07,4039,137609,3246052,"Aug 25, 2021, 08:43 PM",sell
30,RPTX,ORBIMED ADVISORS LLC,Director,"Aug 23, 2021",$34.06,7094,241622,3249972,"Aug 25, 2021, 08:43 PM",sell
31,TXG,Kosaraju Sridhar,Director,"Aug 23, 2021",$162.06,1500,243088,10300,"Aug 25, 2021, 08:39 PM",sell
32,TXG,Saxonov Serge,Chief Executive Officer,"Aug 23, 2021",$161.85,742,120091,903326,"Aug 25, 2021, 08:38 PM",sell
33,TXG,McAnear Justin J.,Chief Financial Officer,"Aug 23, 2021",$161.85,270,43699,39100,"Aug 25, 2021, 08:37 PM",sell
34,TXG,Hindson Benjamin J.,See Remarks,"Aug 23, 2021",$161.85,337,54543,47117,"Aug 25, 2021, 08:37 PM",sell
35,RPTX,Bonita David P,Director,"Aug 25, 2021",$34.34,7082,243196,3239178,"Aug 25, 2021, 08:36 PM",sell
36,RPTX,Bonita David P,Director,"Aug 24, 2021",$34.07,4039,137609,3246052,"Aug 25, 2021, 08:36 PM",sell
37,RPTX,Bonita David P,Director,"Aug 23, 2021",$34.06,7094,241622,3249972,"Aug 25, 2021, 08:36 PM",sell
38,TXG,CRUTCHFIELD BRADFORD,Chief Commercial Officer,"Aug 23, 2021",$161.85,270,43699,43336,"Aug 25, 2021, 08:36 PM",sell
39,MYGN,LANCHBURY JERRY S,Chief Scientific Officer,"Aug 24, 2021",$35.57,30000,1067100,232550,"Aug 25, 2021, 08:32 PM",sell
40,MYGN,LANCHBURY JERRY S,Chief Scientific Officer,"Aug 23, 2021",$35.17,50000,1758500,232550,"Aug 25, 2021, 08:32 PM",sell
41,KTOS,Mendoza Marie,SVP & General Counsel,"Aug 23, 2021",$22.34,1050,23457,28070,"Aug 25, 2021, 08:27 PM",sell
42,PMVP,Schroeder Thilo,Director,"Aug 25, 2021",$31.01,13526,419441,1585953,"Aug 25, 2021, 08:25 PM",sell
43,PMVP,Schroeder Thilo,Director,"Aug 24, 2021",$31.08,14490,450349,1599479,"Aug 25, 2021, 08:25 PM",sell
44,PMVP,Schroeder Thilo,Director,"Aug 23, 2021",$30.67,23838,731153,1614669,"Aug 25, 2021, 08:25 PM",sell
45,RPTX,Bonita David P,Director,"Aug 18, 2021",$33.99,2930,99591,3256857,"Aug 25, 2021, 08:25 PM",sell
46,RPTX,Bonita David P,Director,"Aug 17, 2021",$34.12,17398,593620,3259439,"Aug 25, 2021, 08:25 PM",sell
47,SKT,WARREN CARRIE A,"EVP, Chief Marketing Officer","Aug 25, 2021",$17.00,1500,25500,53041,"Aug 25, 2021, 08:24 PM",sell
48,SKT,WARREN CARRIE A,"EVP, Chief Marketing Officer","Aug 23, 2021",$16.72,1000,16720,54541,"Aug 25, 2021, 08:24 PM",sell
49,FB,Zuckerberg Mark,COB and CEO,"Aug 25, 2021",$368.42,6300,2321057,5920,"Aug 25, 2021, 08:21 PM",sell
50,FB,Zuckerberg Mark,COB and CEO,"Aug 25, 2021",$368.42,15000,5526375,1299996,"Aug 25, 2021, 08:21 PM",sell
51,FB,Zuckerberg Mark,COB and CEO,"Aug 25, 2021",$368.47,56000,20634074,53685,"Aug 25, 2021, 08:21 PM",sell
52,KTOS,Lund Deanna H,EVP & CFO,"Aug 23, 2021",$22.21,11500,255470,227282,"Aug 25, 2021, 08:21 PM",sell
53,FB,Zuckerberg Mark,COB and CEO,"Aug 24, 2021",$365.85,6300,2304862,5947,"Aug 25, 2021, 08:18 PM",sell
54,FB,Zuckerberg Mark,COB and CEO,"Aug 24, 2021",$365.85,15000,5487711,1314633,"Aug 25, 2021, 08:18 PM",sell
55,FB,Zuckerberg Mark,COB and CEO,"Aug 24, 2021",$365.83,56000,20486741,54649,"Aug 25, 2021, 08:18 PM",sell
56,FB,Zuckerberg Mark,COB and CEO,"Aug 23, 2021",$363.72,56000,20368051,54512,"Aug 25, 2021, 08:14 PM",sell
57,FB,Zuckerberg Mark,COB and CEO,"Aug 23, 2021",$363.75,6300,2291642,6204,"Aug 25, 2021, 08:14 PM",sell
58,FB,Zuckerberg Mark,COB and CEO,"Aug 23, 2021",$363.76,15000,5456358,1330616,"Aug 25, 2021, 08:14 PM",sell
59,KTOS,DEMARCO ERIC M,President & CEO,"Aug 23, 2021",$22.41,10000,224104,356040,"Aug 25, 2021, 08:13 PM",sell
60,CVNA,GARCIA ERNEST C. II,10% Owner,"Aug 23, 2021",$357.13,40767,14559181,0,"Aug 25, 2021, 08:12 PM",sell
61,DCOM,"BASSWOOD CAPITAL MANAGEMENT, L.L.C.",10% Owner,"Aug 23, 2021",$33.10,100000,3310000,2802254,"Aug 25, 2021, 08:08 PM",sell
62,DCOM,"BASSWOOD CAPITAL MANAGEMENT, L.L.C.",10% Owner,"Aug 25, 2021",$33.65,12682,426749,177858,"Aug 25, 2021, 08:08 PM",sell
63,DCOM,"BASSWOOD CAPITAL MANAGEMENT, L.L.C.",10% Owner,"Aug 24, 2021",$33.25,14132,469889,2796054,"Aug 25, 2021, 08:08 PM",sell
64,PINS,Yang Tseli Lily,Chief Accounting Officer,"Aug 23, 2021",$54.43,2823,153649,59258,"Aug 25, 2021, 08:07 PM",sell
65,BLFS,Mathew Aby J.,Exec VP & Chief Scientific Off,"Aug 25, 2021",$53.12,10000,531200,209589,"Aug 25, 2021, 08:05 PM",sell
66,BLFS,Mathew Aby J.,Exec VP & Chief Scientific Off,"Aug 23, 2021",$46.54,10000,465400,209589,"Aug 25, 2021, 08:05 PM",sell
67,ITOS,Detheux Michel,Chief Executive Officer,"Aug 25, 2021",$28.00,861,24109,140352,"Aug 25, 2021, 08:04 PM",sell
68,ITOS,Detheux Michel,Chief Executive Officer,"Aug 24, 2021",$28.26,225,6359,141213,"Aug 25, 2021, 08:04 PM",sell
69,ITOS,Detheux Michel,Chief Executive Officer,"Aug 23, 2021",$28.06,7499,210422,141438,"Aug 25, 2021, 08:04 PM",sell
70,BLFS,Foster Karen A.,Chief Quality Officer,"Aug 23, 2021",$46.54,16332,760091,72777,"Aug 25, 2021, 08:03 PM",sell
71,NETE,Wolberg Steven,Chief Legal Officer,"Aug 25, 2021",$11.03,4000,44137,101684,"Aug 25, 2021, 07:54 PM",sell
72,NETE,Wolberg Steven,Chief Legal Officer,"Aug 24, 2021",$11.20,41919,469409,105684,"Aug 25, 2021, 07:54 PM",sell
73,MGM,HERMAN ALEXIS,Director,"Aug 25, 2021",$41.94,2500,104862,14644,"Aug 25, 2021, 07:50 PM",sell
74,GTYH,Ross Craig,CRO OF GTY AND CEO OF QUESTICA,"Aug 25, 2021",$7.26,21454,155777,261000,"Aug 25, 2021, 07:47 PM",sell
75,GTYH,Ross Craig,CRO OF GTY AND CEO OF QUESTICA,"Aug 25, 2021",$7.30,6839,49925,282454,"Aug 25, 2021, 07:47 PM",sell
76,GTYH,Ross Craig,CRO OF GTY AND CEO OF QUESTICA,"Aug 24, 2021",$7.30,3527,25747,289293,"Aug 25, 2021, 07:47 PM",sell
77,CGEM,UBS Oncology Impact Fund L.P.,10% Owner,"Aug 25, 2021",$29.09,1713,49831,7805483,"Aug 25, 2021, 07:42 PM",sell
78,CGEM,UBS Oncology Impact Fund L.P.,10% Owner,"Aug 24, 2021",$29.48,50822,1498233,7807196,"Aug 25, 2021, 07:42 PM",sell
79,CGEM,UBS Oncology Impact Fund L.P.,10% Owner,"Aug 23, 2021",$29.11,53359,1553281,7858018,"Aug 25, 2021, 07:42 PM",sell
80,CGEM,GADICKE ANSBERT,Director,"Aug 23, 2021",$29.11,53359,1553281,7858018,"Aug 25, 2021, 07:41 PM",sell
81,CGEM,GADICKE ANSBERT,Director,"Aug 25, 2021",$29.09,237,6894,266283,"Aug 25, 2021, 07:41 PM",sell
82,CGEM,GADICKE ANSBERT,Director,"Aug 23, 2021",$29.11,7376,214715,273545,"Aug 25, 2021, 07:41 PM",sell
83,CGEM,GADICKE ANSBERT,Director,"Aug 24, 2021",$29.48,50882,1500001,7807196,"Aug 25, 2021, 07:41 PM",sell
84,CGEM,GADICKE ANSBERT,Director,"Aug 24, 2021",$29.48,7025,207097,266520,"Aug 25, 2021, 07:41 PM",sell
85,CGEM,GADICKE ANSBERT,Director,"Aug 25, 2021",$29.09,1713,49831,7805483,"Aug 25, 2021, 07:41 PM",sell
86,MRAM,Aggarwal Sanjeev,"CTO & VP, Technology R&D","Aug 24, 2021",$5.85,200,1170,45927,"Aug 25, 2021, 07:38 PM",sell
87,DVAX,Novack David F,President & COO,"Aug 24, 2021",$14.00,10000,140000,104066,"Aug 25, 2021, 07:35 PM",sell
88,COUR,Wong Chun Yu,See Remarks,"Aug 23, 2021",$36.01,57000,2052578,594372,"Aug 25, 2021, 07:34 PM",sell
89,KNBE,Venkataraman Shrikrishna,Co-President & CFO,"Aug 23, 2021",$22.19,18287,405752,296424,"Aug 25, 2021, 07:33 PM",sell
90,KNBE,Venkataraman Shrikrishna,Co-President & CFO,"Aug 25, 2021",$22.79,52699,1201216,221765,"Aug 25, 2021, 07:33 PM",sell
91,KNBE,Venkataraman Shrikrishna,Co-President & CFO,"Aug 24, 2021",$22.53,21960,494695,275413,"Aug 25, 2021, 07:33 PM",sell
92,KNBE,Sjouwerman Sjoerd,Chief Executive Officer,"Aug 24, 2021",$22.56,11793,266064,100,"Aug 25, 2021, 07:32 PM",sell
93,KNBE,Sjouwerman Sjoerd,Chief Executive Officer,"Aug 23, 2021",$22.19,18207,404090,0,"Aug 25, 2021, 07:32 PM",sell
94,CSCO,Robbins Charles,Chair and CEO,"Aug 25, 2021",$59.69,6543,390572,587380,"Aug 25, 2021, 07:32 PM",sell
95,DVAX,Burgess Justin,Principal Accounting Officer,"Aug 24, 2021",$15.00,5768,86520,3721,"Aug 25, 2021, 07:32 PM",sell
96,KNBE,Letonoff Lars,See remarks,"Aug 24, 2021",$22.53,21823,491618,3427,"Aug 25, 2021, 07:31 PM",sell
97,KNBE,Letonoff Lars,See remarks,"Aug 23, 2021",$22.18,18267,405213,0,"Aug 25, 2021, 07:31 PM",sell
98,KNBE,Letonoff Lars,See remarks,"Aug 25, 2021",$22.77,22183,505074,0,"Aug 25, 2021, 07:31 PM",sell
99,CSCO,Martinez Maria,EVP & Chief Operating Officer,"Aug 24, 2021",$59.01,44000,2596541,204881,"Aug 25, 2021, 07:31 PM",sell
100,CSCO,Martinez Maria,EVP & Chief Operating Officer,"Aug 23, 2021",$58.52,4000,234063,248881,"Aug 25, 2021, 07:31 PM",sell
1,ONTF,FEDERMAN IRWIN,Director,"Aug 24, 2021",$22.13,15625,345781,29880,"Aug 25, 2021, 07:30 PM",sell
2,ONTF,FEDERMAN IRWIN,Director,"Aug 24, 2021",$22.13,312,6905,0,"Aug 25, 2021, 07:30 PM",sell
3,ONTF,FEDERMAN IRWIN,Director,"Aug 24, 2021",$22.13,15625,345781,29880,"Aug 25, 2021, 07:30 PM",sell
4,CSCO,Elliott Geraldine,EVP & Chief Cust & Prtnr Offcr,"Aug 25, 2021",$59.40,50000,2969805,266791,"Aug 25, 2021, 07:29 PM",sell
5,CSCO,BHATT PRAT,SVP & Chief Acctg Officer,"Aug 23, 2021",$58.40,3518,205454,94436,"Aug 25, 2021, 07:27 PM",sell
6,TWTR,Montano Michael,Engineering Lead,"Aug 23, 2021",$63.21,4500,284445,587337,"Aug 25, 2021, 07:13 PM",sell
7,ROKU,Rosenberg Scott A.,"GM, Sr. VP Platform Business","Aug 23, 2021",$354.72,7500,2660400,15121,"Aug 25, 2021, 07:06 PM",sell
8,CRM,Benioff Marc,Chair of the Board & CEO,"Aug 24, 2021",$260.77,20000,5215309,29001448,"Aug 25, 2021, 07:05 PM",sell
9,SCHW,Schwab Charles R.,Chairman,"Aug 25, 2021",$74.49,70000,5213999,84167222,"Aug 25, 2021, 07:04 PM",sell
10,GSHD,Colby Michael C.,President and COO,"Aug 24, 2021",$136.24,34727,4731035,105918,"Aug 25, 2021, 07:00 PM",sell
11,GSHD,Colby Michael C.,President and COO,"Aug 23, 2021",$133.40,5832,778004,84863,"Aug 25, 2021, 07:00 PM",sell
12,GSHD,Colby Michael C.,President and COO,"Aug 25, 2021",$131.27,5047,662512,89036,"Aug 25, 2021, 07:00 PM",sell
13,CRM,Harris Parker,Co-Founder and CTO,"Aug 24, 2021",$260.76,4300,1121283,86046,"Aug 25, 2021, 06:59 PM",sell
14,FIVN,ZWARENSTEIN BARRY,Chief Financial Officer,"Aug 23, 2021",$182.14,1044,190154,99369,"Aug 25, 2021, 06:51 PM",sell
15,MASS,Basarsky Trent A.,"VP, Corporate Development","Aug 24, 2021",$34.95,10078,352226,35000,"Aug 25, 2021, 06:47 PM",sell
16,MASS,Basarsky Trent A.,"VP, Corporate Development","Aug 23, 2021",$34.11,25319,863640,50435,"Aug 25, 2021, 06:47 PM",sell
17,MASS,Basarsky Trent A.,"VP, Corporate Development","Aug 25, 2021",$34.95,1600,55920,35000,"Aug 25, 2021, 06:47 PM",sell
18,WMT,WALTON JIM C,10% Owner,"Aug 24, 2021",$149.28,377976,56425558,319066027,"Aug 25, 2021, 06:47 PM",sell
19,WMT,WALTON JIM C,10% Owner,"Aug 23, 2021",$150.93,254700,38442841,319420668,"Aug 25, 2021, 06:47 PM",sell
20,WMT,WALTON JIM C,10% Owner,"Aug 25, 2021",$148.90,840503,125146744,318423997,"Aug 25, 2021, 06:47 PM",sell
21,SITM,Pangrazio Vincent P,See Remarks,"Aug 24, 2021",$203.30,135,27446,86884,"Aug 25, 2021, 06:45 PM",sell
22,SITM,Pangrazio Vincent P,See Remarks,"Aug 23, 2021",$203.08,3030,615332,87019,"Aug 25, 2021, 06:45 PM",sell
23,WMT,WALTON ALICE L,10% Owner,"Aug 25, 2021",$148.90,840503,125146744,318423997,"Aug 25, 2021, 06:44 PM",sell
24,WMT,WALTON ALICE L,10% Owner,"Aug 24, 2021",$149.28,377976,56425558,319066027,"Aug 25, 2021, 06:44 PM",sell
25,WMT,WALTON ALICE L,10% Owner,"Aug 23, 2021",$150.93,254700,38442841,319420668,"Aug 25, 2021, 06:44 PM",sell
26,MXIM,Imperato Jon,SVP of Sales and Marketing,"Aug 25, 2021",$104.83,2777,291114,60769,"Aug 25, 2021, 06:42 PM",sell
27,WMT,WALTON S ROBSON,Director,"Aug 25, 2021",$148.90,840503,125146744,318423997,"Aug 25, 2021, 06:42 PM",sell
28,WMT,WALTON S ROBSON,Director,"Aug 24, 2021",$149.28,377976,56425558,319066027,"Aug 25, 2021, 06:42 PM",sell
29,WMT,WALTON S ROBSON,Director,"Aug 23, 2021",$150.93,254700,38442841,319420668,"Aug 25, 2021, 06:42 PM",sell
30,EOLS,Malik Vikram,Director,"Aug 23, 2021",$11.00,26077,286722,1143701,"Aug 25, 2021, 06:37 PM",sell
31,MBII,Marrone Pamela G,Director,"Aug 24, 2021",$1.02,24510,25000,2208363,"Aug 25, 2021, 06:37 PM",sell
32,COIN,Jones Jennifer N.,Chief Accounting Officer,"Aug 23, 2021",$263.00,1029,270627,19009,"Aug 25, 2021, 06:31 PM",sell
33,SITM,Bonnot Lionel,See Remarks,"Aug 23, 2021",$203.08,3985,809274,99857,"Aug 25, 2021, 06:30 PM",sell
34,SITM,Bonnot Lionel,See Remarks,"Aug 24, 2021",$199.32,4042,805634,99680,"Aug 25, 2021, 06:30 PM",sell
35,ASAN,Wan Tim M,Chief Financial Officer,"Aug 23, 2021",$75.02,20000,1500316,493852,"Aug 25, 2021, 06:28 PM",sell
36,DNLI,Ho Carole,Chief Medical Officer,"Aug 23, 2021",$48.91,6143,300454,158630,"Aug 25, 2021, 06:26 PM",sell
37,SITM,Sevalia Piyush B,EVP Marketing,"Aug 24, 2021",$204.49,179,36604,100551,"Aug 25, 2021, 06:21 PM",sell
38,SITM,Sevalia Piyush B,EVP Marketing,"Aug 23, 2021",$203.07,4004,813092,100730,"Aug 25, 2021, 06:21 PM",sell
39,PCVX,PICKERING GRANT,Chief Executive Officer,"Aug 23, 2021",$22.73,13669,310722,580323,"Aug 25, 2021, 06:11 PM",sell
40,ABBV,Strom Carrie C,SVP & Pres Global Allerg Aesth,"Aug 23, 2021",$120.00,5057,606840,51047,"Aug 25, 2021, 06:08 PM",sell
41,OSH,PRICE GEOFFREY M,Chief Operating Officer,"Aug 24, 2021",$47.61,50000,2380400,2604070,"Aug 25, 2021, 06:08 PM",sell
42,ABBV,Sorg Elaine K.,"SVP, US Commercial Operations","Aug 23, 2021",$120.00,13080,1569600,11595,"Aug 25, 2021, 06:08 PM",sell
43,SITM,CHADWICK ARTHUR D,"EVP, Chief Financial Officer","Aug 24, 2021",$203.28,218,44315,88774,"Aug 25, 2021, 06:08 PM",sell
44,SITM,CHADWICK ARTHUR D,"EVP, Chief Financial Officer","Aug 23, 2021",$203.08,4889,992858,88992,"Aug 25, 2021, 06:08 PM",sell
45,MDB,McMahon John Dennis,Director,"Aug 25, 2021",$390.00,1000,390000,12376,"Aug 25, 2021, 06:07 PM",sell
46,MDB,McMahon John Dennis,Director,"Aug 23, 2021",$369.83,3000,1109490,12376,"Aug 25, 2021, 06:07 PM",sell
47,BILL,Lacerte Rene A.,President and CEO,"Aug 23, 2021",$218.40,17953,3920973,38022,"Aug 25, 2021, 06:04 PM",sell
48,BILL,Lacerte Rene A.,President and CEO,"Aug 24, 2021",$219.06,7047,1543700,42122,"Aug 25, 2021, 06:04 PM",sell
49,SNFCA,Overbaugh Jason G.,VP/Ntnl Marketing Dir-Life Ins,"Jul 16, 2021",$8.48,2950,25016,104533,"Aug 25, 2021, 06:03 PM",sell
50,SITM,VASHIST RAJESH,Chief Executive Officer,"Aug 24, 2021",$201.56,1182,238244,603892,"Aug 25, 2021, 05:57 PM",sell
51,SITM,VASHIST RAJESH,Chief Executive Officer,"Aug 23, 2021",$201.91,21440,4328950,605074,"Aug 25, 2021, 05:57 PM",sell
52,LITE,Sepe Matthew Joseph,Chief Accounting Officer,"Aug 23, 2021",$86.37,3145,271635,14850,"Aug 25, 2021, 05:56 PM",sell
53,FOLD,Prout Samantha,Principal Accounting Officer,"Aug 23, 2021",$11.00,5045,55495,83170,"Aug 25, 2021, 05:55 PM",sell
54,HALO,BIZZARI JEAN-PIERRE,Director,"Aug 25, 2021",$41.01,35000,1435455,52544,"Aug 25, 2021, 05:54 PM",sell
55,CSL,Roche Robert M.,VP & Chief Financial Officer,"Aug 25, 2021",$210.95,10480,2210716,25487,"Aug 25, 2021, 05:53 PM",sell
56,LITE,LOWE ALAN S,Chief Executive Officer,"Aug 23, 2021",$86.86,9861,856526,130803,"Aug 25, 2021, 05:52 PM",sell
57,IRMD,Susi Roger E.,"President, CEO and Chairman","Aug 24, 2021",$33.59,5000,167974,906050,"Aug 25, 2021, 05:52 PM",sell
58,IRMD,Susi Roger E.,"President, CEO and Chairman","Aug 23, 2021",$33.74,5000,168712,911050,"Aug 25, 2021, 05:52 PM",sell
59,TLS,WOOD EMMETT J.,"EVP, Marketing & Strategy","Aug 24, 2021",$31.29,28682,897460,402680,"Aug 25, 2021, 05:47 PM",sell
60,ZLAB,Reinhart Harald,Chief Medical Officer,"Aug 24, 2021",$143.36,8000,1146880,0,"Aug 25, 2021, 05:47 PM",sell
61,ZLAB,Reinhart Harald,Chief Medical Officer,"Aug 23, 2021",$135.00,8000,1080000,0,"Aug 25, 2021, 05:47 PM",sell
62,BCYC,Kalowski Lee,President and CFO,"Aug 23, 2021",$33.02,7500,247650,0,"Aug 25, 2021, 05:45 PM",sell
63,MCHP,MEYERCORD WADE F,Director,"Aug 24, 2021",$148.83,500,74414,16788,"Aug 25, 2021, 05:45 PM",sell
64,EMKR,JACKSON REX S,Director,"Aug 25, 2021",$7.51,17000,127670,90641,"Aug 25, 2021, 05:44 PM",sell
65,PYPL,Auerbach Jonathan,"EVP,Chief Strategy,Growth & Da","Aug 24, 2021",$278.64,12314,3431208,80922,"Aug 25, 2021, 05:43 PM",sell
66,NXPI,GOLDMAN KENNETH A,Director,"Aug 23, 2021",$210.77,2500,526931,20240,"Aug 25, 2021, 05:40 PM",sell
67,ETWO,Elliott Investment Management L.P.,10% Owner,"Aug 24, 2021",$11.63,193196,2246870,26995617,"Aug 25, 2021, 05:39 PM",sell
68,ETWO,Elliott Investment Management L.P.,10% Owner,"Aug 23, 2021",$11.03,300000,3309000,27188813,"Aug 25, 2021, 05:39 PM",sell
69,ETWO,Elliott Investment Management L.P.,10% Owner,"Aug 25, 2021",$11.98,171746,2057517,26823871,"Aug 25, 2021, 05:39 PM",sell
70,SAFE,ADLER DEAN S,Director,"Aug 25, 2021",$88.38,24000,2121156,170267,"Aug 25, 2021, 05:38 PM",sell
71,SAFE,ADLER DEAN S,Director,"Aug 24, 2021",$87.96,28500,2506817,194267,"Aug 25, 2021, 05:38 PM",sell
72,SAFE,ADLER DEAN S,Director,"Aug 23, 2021",$88.57,12130,1074299,222767,"Aug 25, 2021, 05:38 PM",sell
73,PLBY,Fortress Investment Group LLC,See Remarks,"Aug 25, 2021",$24.51,189482,4644244,2718733,"Aug 25, 2021, 05:37 PM",sell
74,PLBY,Fortress Investment Group LLC,See Remarks,"Aug 24, 2021",$22.83,99220,2264939,2782733,"Aug 25, 2021, 05:37 PM",sell
75,PLBY,Fortress Investment Group LLC,See Remarks,"Aug 23, 2021",$22.56,122623,2766041,2926688,"Aug 25, 2021, 05:37 PM",sell
76,UEIC,ZINSER EDWARD K,Director,"Aug 24, 2021",$50.70,3188,161632,19312,"Aug 25, 2021, 05:36 PM",sell
77,SONM,"B. Riley Financial, Inc.",10% Owner,"Aug 25, 2021",$0.41,1500000,617700,2903765,"Aug 25, 2021, 05:31 PM",sell
78,SONM,"B. Riley Financial, Inc.",10% Owner,"Aug 24, 2021",$0.41,1160078,474124,4403765,"Aug 25, 2021, 05:31 PM",sell
79,SONM,"B. Riley Financial, Inc.",10% Owner,"Aug 23, 2021",$0.40,176482,69993,5563843,"Aug 25, 2021, 05:31 PM",sell
80,BMI,GOMEZ GREGORY M,VP-Flow Instrumentation,"Aug 24, 2021",$105.78,5654,598058,14912,"Aug 25, 2021, 05:28 PM",sell
81,PBPB,Douglas Jeffrey,"SVP, Chief Information Officer","Aug 23, 2021",$6.50,3750,24375,148181,"Aug 25, 2021, 05:27 PM",sell
82,KNX,Fitzsimmons James L,EVP - Operations,"Aug 25, 2021",$50.27,261,13120,0,"Aug 25, 2021, 05:24 PM",sell
83,BYD,SMITH KEITH,President & CEO,"Aug 23, 2021",$57.54,30000,1726269,1226958,"Aug 25, 2021, 05:22 PM",sell
84,CRC,GOLDENTREE ASSET MANAGEMENT LP,10% Owner,"Aug 23, 2021",$30.26,8300,251158,12846949,"Aug 25, 2021, 05:21 PM",sell
85,CRC,GOLDENTREE ASSET MANAGEMENT LP,10% Owner,"Aug 24, 2021",$30.58,276310,8448628,12843221,"Aug 25, 2021, 05:21 PM",sell
86,ALG,ROBINSON RONALD A,Director,"Aug 25, 2021",$150.47,1568,235936,175006,"Aug 25, 2021, 05:19 PM",sell
87,ALG,ROBINSON RONALD A,Director,"Aug 24, 2021",$150.05,115,17256,176489,"Aug 25, 2021, 05:19 PM",sell
88,GSHD,Jones Mark Evan,CEO,"Aug 23, 2021",$136.99,12045,1649995,295406,"Aug 25, 2021, 05:18 PM",sell
89,CLFD,Goepel Patrick,Director,"Aug 24, 2021",$45.08,6103,275123,60424,"Aug 25, 2021, 05:16 PM",sell
90,TECH,Nusse Roeland,Director,"Aug 23, 2021",$481.52,4000,1926065,6765,"Aug 25, 2021, 05:13 PM",sell
91,PLAN,Pinczuk Ana G.,Chief Development Officer,"Aug 23, 2021",$60.13,11554,694733,26461,"Aug 25, 2021, 05:12 PM",sell
92,DDOG,Le-Quoc Alexis,President & CTO,"Aug 23, 2021",$131.26,257520,33801728,167609,"Aug 25, 2021, 05:10 PM",sell
93,MGM,SANDERS COREY IAN,CHIEF OPERATING OFFICER,"Aug 24, 2021",$40.00,10000,400000,359286,"Aug 25, 2021, 05:08 PM",sell
94,MGM,SANDERS COREY IAN,CHIEF OPERATING OFFICER,"Aug 25, 2021",$42.00,20000,840000,339286,"Aug 25, 2021, 05:08 PM",sell
95,GBL,"Associated Capital Group, Inc.",10% Owner,"Aug 24, 2021",$27.90,2000,55795,1682201,"Aug 25, 2021, 05:07 PM",sell
96,CRCT,Blackwell Len,Director,"Aug 23, 2021",$26.91,10000,269111,355000,"Aug 25, 2021, 05:05 PM",sell
97,IT,Dawkins Alwyn,"EVP, Global Business Sales","Aug 23, 2021",$304.71,1700,518007,34369,"Aug 25, 2021, 05:05 PM",sell
98,CRCT,Blackwell Len,Director,"Aug 24, 2021",$28.72,10000,287224,345000,"Aug 25, 2021, 05:05 PM",sell
99,ARE,Ryan Daniel J,Co-Chief Investment Officer,"Aug 23, 2021",$206.90,10000,2068966,122405,"Aug 25, 2021, 05:05 PM",sell
100,SQ,Ahuja Amrita,Chief Financial Officer,"Aug 23, 2021",$270.75,4994,1352143,147538,"Aug 25, 2021, 05:02 PM",sell
1,TRMB,Bisio Ronald,Sr. Vice President,"Aug 23, 2021",$92.28,3500,322987,36295,"Aug 25, 2021, 05:00 PM",sell
2,VIR,Virgin Herbert,"EVP, Research & CSO","Aug 24, 2021",$48.00,1375,66000,99700,"Aug 25, 2021, 05:00 PM",sell
3,DXCM,Pacelli Steven Robert,"Managing Dir., Dexcom Ventures","Aug 23, 2021",$516.40,1078,556678,49907,"Aug 25, 2021, 04:59 PM",sell
4,VEEV,Wallach Matthew J,Director,"Aug 23, 2021",$322.25,5000,1611267,2872,"Aug 25, 2021, 04:50 PM",sell
5,SNPS,Kankanwadi Sudhindra,"Senior VP, Finance & CAO","Aug 24, 2021",$322.87,3000,968610,11165,"Aug 25, 2021, 04:46 PM",sell
6,SNPS,Kankanwadi Sudhindra,"Senior VP, Finance & CAO","Aug 23, 2021",$320.58,3325,1065912,11165,"Aug 25, 2021, 04:46 PM",sell
7,BJ,Werner William C.,"EVP, Strategy & Development","Aug 23, 2021",$55.30,36132,1998131,58316,"Aug 25, 2021, 04:46 PM",sell
8,MSP,ABBOT JOHN,Chief Financial Officer,"Aug 23, 2021",$26.22,9000,235980,0,"Aug 25, 2021, 04:45 PM",sell
9,JCOM,ROSSEN JEREMY,VP/General Counsel,"Aug 24, 2021",$133.00,2717,361351,7784,"Aug 25, 2021, 04:45 PM",sell
10,BJ,Poulliot Brian,"EVP, Enterprise Analytics","Aug 23, 2021",$56.00,101,5656,115977,"Aug 25, 2021, 04:45 PM",sell
11,BJ,Poulliot Brian,"EVP, Enterprise Analytics","Aug 24, 2021",$55.24,4899,270621,115977,"Aug 25, 2021, 04:45 PM",sell
12,SWCH,Borden Teresa A.,Chief Construction Officer,"Aug 23, 2021",$24.02,62471,1500591,525384,"Aug 25, 2021, 04:45 PM",sell
13,FTNT,Jensen Keith,CFO & Chief Accounting Officer,"Aug 24, 2021",$301.31,7992,2408097,6769,"Aug 25, 2021, 04:45 PM",sell
14,ACLS,Bintz William J,"EVP, Product Development","Aug 25, 2021",$49.09,15061,739344,59836,"Aug 25, 2021, 04:44 PM",sell
15,FTNT,Xie Michael,"VP, Engineering & CTO","Aug 24, 2021",$301.27,40000,12050946,5978451,"Aug 25, 2021, 04:43 PM",sell
16,FTNT,Xie Michael,"VP, Engineering & CTO","Aug 24, 2021",$301.26,40000,12050535,3441469,"Aug 25, 2021, 04:43 PM",sell
17,BBY,Bilunas Matthew M,Chief Financial Officer,"Aug 23, 2021",$113.16,819,92677,38886,"Aug 25, 2021, 04:42 PM",sell
18,TECH,BAUMGARTNER ROBERT V,Director,"Aug 23, 2021",$485.55,4000,1942183,13313,"Aug 25, 2021, 04:42 PM",sell
19,CERT,Choe Jieun W.,CHIEF STRATEGY & MARKETING,"Aug 24, 2021",$30.00,7500,225000,322991,"Aug 25, 2021, 04:41 PM",sell
20,PEBK,ABERNETHY CHRISTINE S,10% Owner,"Aug 24, 2021",$28.74,35000,1005900,573027,"Aug 25, 2021, 04:41 PM",sell
21,ILMN,Dadswell Charles,SVP & General Counsel,"Aug 23, 2021",$489.10,314,153577,5286,"Aug 25, 2021, 04:40 PM",sell
22,OPNT,Sinclair Michael,Director,"Aug 25, 2021",$14.69,50269,738452,144070,"Aug 25, 2021, 04:38 PM",sell
23,OPNT,Sinclair Michael,Director,"Aug 24, 2021",$15.71,34607,543676,144070,"Aug 25, 2021, 04:38 PM",sell
24,OPNT,Sinclair Michael,Director,"Aug 23, 2021",$16.50,65124,1074546,144070,"Aug 25, 2021, 04:38 PM",sell
25,ZI,Mironov Jason,Director,"Aug 23, 2021",$62.59,523587,32771468,0,"Aug 25, 2021, 04:38 PM",sell
26,ABMD,MINOGUE MICHAEL R,"Chairman, President, CEO","Aug 23, 2021",$350.00,3492,1222200,211635,"Aug 25, 2021, 04:37 PM",sell
27,ZI,Crockett Todd,Director,"Aug 23, 2021",$62.59,523587,32771468,0,"Aug 25, 2021, 04:37 PM",sell
28,ZI,TA Atlantic & Pacific VII-B L.P.,Director,"Aug 23, 2021",$62.59,523587,32771468,0,"Aug 25, 2021, 04:36 PM",sell
29,ZI,"TA ASSOCIATES, L.P.",Director,"Aug 23, 2021",$62.59,523587,32771468,0,"Aug 25, 2021, 04:36 PM",sell
30,DIOD,LU KEH SHEW,President & CEO,"Aug 23, 2021",$91.50,9000,823500,354038,"Aug 25, 2021, 04:35 PM",sell
31,DIOD,LU KEH SHEW,President & CEO,"Aug 24, 2021",$93.25,9000,839250,400671,"Aug 25, 2021, 04:35 PM",sell
32,DIOD,LU KEH SHEW,President & CEO,"Aug 23, 2021",$92.00,12000,1104000,412671,"Aug 25, 2021, 04:35 PM",sell
33,DIOD,LU KEH SHEW,President & CEO,"Aug 24, 2021",$92.51,400,37006,347838,"Aug 25, 2021, 04:35 PM",sell
34,TPR,Dadlani Manesh,"VP, Controller and PAO","Aug 23, 2021",$42.36,1211,51304,26049,"Aug 25, 2021, 04:34 PM",sell
35,DIOD,Zhao Jin,"VP, Worldwide Analog Products","Aug 24, 2021",$92.30,1230,113529,12789,"Aug 25, 2021, 04:33 PM",sell
36,NOVT,Buckley Robert,Chief Financial Officer,"Aug 24, 2021",$146.18,8525,1246147,145592,"Aug 25, 2021, 04:32 PM",sell
37,NOVT,Buckley Robert,Chief Financial Officer,"Aug 23, 2021",$147.36,8363,1232361,153390,"Aug 25, 2021, 04:32 PM",sell
38,NDAQ,Ottersgard Lars,Executive Vice President,"Aug 24, 2021",$191.42,4000,765680,13783,"Aug 25, 2021, 04:31 PM",sell
39,PLCE,ELFERS JANE T,President and CEO,"Aug 24, 2021",$102.35,20912,2140343,287185,"Aug 25, 2021, 04:31 PM",sell
40,PLCE,ELFERS JANE T,President and CEO,"Aug 23, 2021",$99.46,34225,3404018,308097,"Aug 25, 2021, 04:31 PM",sell
41,DIOD,Yu Evan,"SVP, WW Power Products","Aug 23, 2021",$92.50,2778,256965,27062,"Aug 25, 2021, 04:31 PM",sell
42,TWST,Banyai William,See Remarks,"Aug 23, 2021",$105.51,20054,2115982,337018,"Aug 25, 2021, 04:30 PM",sell
43,PRAX,BSOF Parallel Master Fund L.P.,10% Owner,"Aug 23, 2021",$19.00,352396,6696326,447317,"Aug 25, 2021, 04:30 PM",sell
44,VERX,Stamm John Richard,Director,"Aug 19, 2021",$19.17,8678,166392,43028,"Aug 25, 2021, 04:30 PM",sell
45,WMS,MAKOWSKI TIM A,See Remarks,"Aug 23, 2021",$116.24,2000,232489,7353,"Aug 25, 2021, 04:30 PM",sell
46,WMS,HARVEY DARIN S.,"EVP, Supply Chain & Logistics","Aug 24, 2021",$117.20,2200,257844,10859,"Aug 25, 2021, 04:30 PM",sell
47,DIOD,Yang Emily,SVP Worldwide Sales/Marketing,"Aug 23, 2021",$92.30,2126,196236,38890,"Aug 25, 2021, 04:29 PM",sell
48,ORI,GRAY WILLIAM T,Senior VP & Treasurer,"Aug 24, 2021",$26.42,16625,439301,22155,"Aug 25, 2021, 04:28 PM",sell
49,DIOD,Tang Francis,"SVP, WW Discrete Products","Aug 24, 2021",$93.42,6000,560550,42080,"Aug 25, 2021, 04:28 PM",sell
50,DIOD,Tang Francis,"SVP, WW Discrete Products","Aug 23, 2021",$91.94,5146,473109,50956,"Aug 25, 2021, 04:28 PM",sell
51,UNH,HEMSLEY STEPHEN J,Director,"Aug 23, 2021",$426.30,70000,29841153,621560,"Aug 25, 2021, 04:28 PM",sell
52,HBIO,Green James W,Chief Executive Officer,"Aug 23, 2021",$8.02,48175,386364,2091725,"Aug 25, 2021, 04:24 PM",sell
53,CB,GREENBERG EVAN G,Chairman & CEO,"Aug 23, 2021",$186.22,70109,13055861,733483,"Aug 25, 2021, 04:22 PM",sell
54,CB,GREENBERG EVAN G,Chairman & CEO,"Aug 24, 2021",$185.91,45433,8446449,733282,"Aug 25, 2021, 04:22 PM",sell
55,QTWO,Offerdahl James,Director,"Aug 23, 2021",$81.95,500,40975,10053,"Aug 25, 2021, 04:20 PM",sell
56,MRNA,Hoge Stephen,President,"Aug 24, 2021",$403.98,5000,2019900,1609597,"Aug 25, 2021, 04:20 PM",sell
57,MRNA,Hoge Stephen,President,"Aug 23, 2021",$398.85,15000,5982763,1624297,"Aug 25, 2021, 04:20 PM",sell
58,AMT,SHARBUTT DAVID E,Director,"Aug 23, 2021",$290.00,2400,696000,1644,"Aug 25, 2021, 04:19 PM",sell
59,SPSC,Nelson Kimberly K.,EVP & CFO,"Aug 23, 2021",$126.23,38416,4849364,143742,"Aug 25, 2021, 04:17 PM",sell
60,WNEB,Libiszewski Darlene M,"SVP, Chief Information Officer","Aug 24, 2021",$8.75,2722,23818,9670,"Aug 25, 2021, 04:17 PM",sell
61,MEDP,"Medpace Investors, LLC",10% Owner,"Aug 24, 2021",$180.06,1814,326629,6047183,"Aug 25, 2021, 04:16 PM",sell
62,MEDP,"Medpace Investors, LLC",10% Owner,"Aug 23, 2021",$180.22,1482,267086,6048997,"Aug 25, 2021, 04:16 PM",sell
63,MEDP,Troendle August J.,CEO,"Aug 24, 2021",$180.06,1814,326629,6047183,"Aug 25, 2021, 04:16 PM",sell
64,MEDP,Troendle August J.,CEO,"Aug 23, 2021",$180.22,1482,267086,6048997,"Aug 25, 2021, 04:16 PM",sell
65,TEL,MERKT STEVEN T,"President, Transportation Sol.","Aug 24, 2021",$151.09,52280,7898985,40122,"Aug 25, 2021, 04:15 PM",sell
66,HAE,Burke William P. Mr.,"EVP, Chief Financial Officer","Aug 23, 2021",$60.51,22667,1371580,30291,"Aug 25, 2021, 04:15 PM",sell
67,PAYC,Evans Jon,Chief Operating Officer,"Aug 23, 2021",$475.88,2200,1046927,16916,"Aug 25, 2021, 04:15 PM",sell
68,NTLA,LEONARD JOHN M,President and CEO,"Aug 23, 2021",$152.01,27139,4125416,727570,"Aug 25, 2021, 04:14 PM",sell
69,CSTL,MAETZOLD DEREK J,Pres. & Chief Exec. Officer,"Aug 23, 2021",$70.57,2500,176432,146461,"Aug 25, 2021, 04:13 PM",sell
70,CSTL,MAETZOLD DEREK J,Pres. & Chief Exec. Officer,"Aug 23, 2021",$70.57,2500,176432,156699,"Aug 25, 2021, 04:13 PM",sell
71,CSTL,MAETZOLD DEREK J,Pres. & Chief Exec. Officer,"Aug 23, 2021",$70.57,2500,176432,169300,"Aug 25, 2021, 04:13 PM",sell
72,RPD,Kalowski Jeffrey,Chief Financial Officer,"Aug 23, 2021",$112.69,40100,4518760,214112,"Aug 25, 2021, 04:13 PM",sell
73,GDRX,Slutsky Andrew,"President, Consumer","Aug 23, 2021",$33.33,20000,666622,3093035,"Aug 25, 2021, 04:10 PM",sell
74,ESCA,Williams Edward E,Director,"Aug 24, 2021",$23.11,125000,2888800,289487,"Aug 25, 2021, 04:09 PM",sell
75,KEYS,Estrada Ingrid A,SVP,"Aug 23, 2021",$169.49,2000,338980,86626,"Aug 25, 2021, 04:09 PM",sell
76,AMD,Norrod Forrest Eugene,SVP & GM DESG,"Aug 23, 2021",$106.68,38875,4147122,341239,"Aug 25, 2021, 04:08 PM",sell
77,PCTY,Sarowitz Steven I,Director,"Aug 23, 2021",$256.40,22704,5821372,12214932,"Aug 25, 2021, 04:06 PM",sell
78,GBIO,Stanton Matthew,CHIEF SCIENTIFIC OFFICER,"Aug 23, 2021",$25.04,1500,37560,198154,"Aug 25, 2021, 04:05 PM",sell
79,SMLR,Murphy-Chutorian Douglas,Chief Executive Officer,"Aug 23, 2021",$107.30,1250,134127,35422,"Aug 25, 2021, 04:04 PM",sell
80,IBKR,Frank Thomas AJ,Chief Information Officer,"Aug 24, 2021",$62.80,18573,1166384,2045964,"Aug 25, 2021, 04:02 PM",sell
81,IBKR,Frank Thomas AJ,Chief Information Officer,"Aug 23, 2021",$62.38,18573,1158584,2064537,"Aug 25, 2021, 04:02 PM",sell
82,CERN,Devers Daniel,EVP & Chief Legal Officer,"Aug 24, 2021",$77.45,9000,697050,2723,"Aug 25, 2021, 04:02 PM",sell
83,IBKR,Peterffy Thomas,Chairman,"Aug 24, 2021",$62.77,20000,1255400,6267511,"Aug 25, 2021, 04:02 PM",sell
84,IBKR,Peterffy Thomas,Chairman,"Aug 23, 2021",$62.39,20000,1247800,6287511,"Aug 25, 2021, 04:02 PM",sell
85,ARW,Melvin Vincent P,Chief Information Officer,"Aug 24, 2021",$119.34,9672,1154295,21612,"Aug 25, 2021, 04:00 PM",sell
86,JBSS,Taaffe Ellen,Director,"Aug 24, 2021",$87.67,1717,150536,10078,"Aug 25, 2021, 03:41 PM",sell
87,CHH,Dragisich Dominic,Chief Financial Officer,"Aug 24, 2021",$117.50,2926,343805,25976,"Aug 25, 2021, 03:32 PM",sell
88,SHW,GARCEAU MARY L,"SVP, Gen. Counsel & Secretary","Aug 23, 2021",$306.33,2589,793088,8670,"Aug 25, 2021, 03:29 PM",sell
89,ACNB,Sites David L,Director,"Aug 23, 2021",$29.00,500,14500,33342,"Aug 25, 2021, 03:04 PM",sell
90,ACNB,Newell Donna M,Director,"Aug 23, 2021",$28.17,253,7128,53,"Aug 25, 2021, 03:00 PM",sell
91,ACNB,Newell Donna M,Director,"Aug 23, 2021",$28.31,340,9624,7663,"Aug 25, 2021, 03:00 PM",sell
92,BOH,Sellers Mary E,Vice Chair & CRO,"Aug 23, 2021",$85.44,5000,427200,95972,"Aug 25, 2021, 02:55 PM",sell
93,VICR,VINCIARELLI PATRIZIO,Chairman and CEO,"Aug 24, 2021",$123.50,20000,2470000,9716741,"Aug 25, 2021, 02:18 PM",sell
94,CACI,Johnson Gregory G,Director,"Aug 23, 2021",$260.00,300,78000,5512,"Aug 25, 2021, 02:07 PM",sell
95,EPAY,EBERLE ROBERT A,President & CEO,"Aug 23, 2021",$41.40,1397,57832,479589,"Aug 25, 2021, 01:48 PM",sell
96,EPAY,EBERLE ROBERT A,President & CEO,"Aug 25, 2021",$41.89,4000,167560,471589,"Aug 25, 2021, 01:48 PM",sell
97,EPAY,EBERLE ROBERT A,President & CEO,"Aug 24, 2021",$41.50,4000,166000,475589,"Aug 25, 2021, 01:48 PM",sell
98,EPAY,Kelly John Francis,"GM, Legal Solutions","Aug 23, 2021",$41.40,959,39700,50415,"Aug 25, 2021, 01:35 PM",sell
99,EPAY,SAVORY NIGEL K,Managing Director Europe,"Aug 23, 2021",$41.40,1479,61226,161544,"Aug 25, 2021, 01:28 PM",sell
100,RBA,JETER JAMES J,"President, Sales U.S.","Aug 24, 2021",$62.07,3400,211038,18773,"Aug 25, 2021, 01:26 PM",sell
